#
# A fatal error has been detected by the Java Runtime Environment:
#
#  EXCEPTION_UNCAUGHT_CXX_EXCEPTION (0xe06d7363) at pc=0x00007ffc0808fe0a, pid=5780, tid=13172
#
# JRE version: OpenJDK Runtime Environment Temurin-21.0.10+7 (21.0.10+7) (build 21.0.10+7-LTS)
# Java VM: OpenJDK 64-Bit Server VM Temurin-21.0.10+7 (21.0.10+7-LTS, mixed mode, sharing, tiered, compressed oops, compressed class ptrs, parallel gc, windows-amd64)
# Problematic frame:
# C  [KERNELBASE.dll+0xbfe0a]
#
# No core dump will be written. Minidumps are not enabled by default on client versions of Windows
#
# If you would like to submit a bug report, please visit:
#   https://github.com/adoptium/adoptium-support/issues
#

---------------  S U M M A R Y ------------

Command Line: --add-modules=ALL-SYSTEM --add-opens=java.base/java.util=ALL-UNNAMED --add-opens=java.base/java.lang=ALL-UNNAMED --add-opens=java.base/sun.nio.fs=ALL-UNNAMED -Declipse.application=org.eclipse.jdt.ls.core.id1 -Dosgi.bundles.defaultStartLevel=4 -Declipse.product=org.eclipse.jdt.ls.core.product -Djava.import.generatesMetadataFilesAtProjectRoot=false -DDetectVMInstallationsJob.disabled=true -Dfile.encoding=utf8 -XX:+UseParallelGC -XX:GCTimeRatio=4 -XX:AdaptiveSizePolicyWeight=90 -Dsun.zip.disableMemoryMapping=true -Xmx2G -Xms100m -Xlog:disable -javaagent:c:\Users\THINKPAD\.vscode\extensions\redhat.java-1.54.0-win32-x64\lombok\lombok-1.18.39-4050.jar -XX:+HeapDumpOnOutOfMemoryError -XX:HeapDumpPath=c:\Users\THINKPAD\AppData\Roaming\Code\User\workspaceStorage\517f748c4156a5bd48bd4058522aeea7\redhat.java -Daether.dependencyCollector.impl=bf c:\Users\THINKPAD\.vscode\extensions\redhat.java-1.54.0-win32-x64\server\plugins\org.eclipse.equinox.launcher_1.7.100.v20251111-0406.jar -configuration c:\Users\THINKPAD\AppData\Roaming\Code\User\globalStorage\redhat.java\1.54.0\config_win -data c:\Users\THINKPAD\AppData\Roaming\Code\User\workspaceStorage\517f748c4156a5bd48bd4058522aeea7\redhat.java\jdt_ws --pipe=\\.\pipe\lsp-07ed0fa51b64a787eb88ff83af05dfcf-sock

Host: AMD Ryzen 7 PRO 5850U with Radeon Graphics     , 16 cores, 14G,  Windows 11 , 64 bit Build 26100 (10.0.26100.8328)
Time: Fri May 29 09:48:09 2026 SE Asia Standard Time elapsed time: 14.640719 seconds (0d 0h 0m 14s)

---------------  T H R E A D  ---------------

Current thread (0x0000020d68a67290):  JavaThread "Start Level: Equinox Container: 31b38f45-0f7f-45eb-b4d6-00afa797c8dd" daemon [_thread_in_vm, id=13172, stack(0x0000006d0d100000,0x0000006d0d200000) (1024K)]

Stack: [0x0000006d0d100000,0x0000006d0d200000],  sp=0x0000006d0d1f7390,  free space=988k
Native frames: (J=compiled Java code, j=interpreted, Vv=VM code, C=native code)
C  [KERNELBASE.dll+0xbfe0a]
C  [VCRUNTIME140.dll+0x5267]
C  [jimage.dll+0x3203]
C  [jimage.dll+0x2985]
C  [jimage.dll+0x1413]
C  [jimage.dll+0x1e13]
C  [jimage.dll+0x1eaa]
C  [jimage.dll+0x25d2]
V  [jvm.dll+0x2226a3]
V  [jvm.dll+0x31584d]
V  [jvm.dll+0x5b600d]
V  [jvm.dll+0x82e426]
V  [jvm.dll+0x82e0c0]
V  [jvm.dll+0x82f15b]
V  [jvm.dll+0x82f724]
V  [jvm.dll+0x82f3b8]
V  [jvm.dll+0x271c6d]
V  [jvm.dll+0x271eaa]
V  [jvm.dll+0x5d9627]
V  [jvm.dll+0x5dc616]
V  [jvm.dll+0x3e0ae2]
V  [jvm.dll+0x3e019a]
C  0x0000020d54838080

The last pc belongs to invokestatic (printed below).
Java frames: (J=compiled Java code, j=interpreted, Vv=VM code)
j  java.util.concurrent.ConcurrentSkipListMap.doPut(Ljava/lang/Object;Ljava/lang/Object;Z)Ljava/lang/Object;+369 java.base@21.0.10
j  java.util.concurrent.ConcurrentSkipListMap.put(Ljava/lang/Object;Ljava/lang/Object;)Ljava/lang/Object;+16 java.base@21.0.10
j  org.apache.felix.scr.impl.inject.field.FieldHandler.updateField(Lorg/apache/felix/scr/impl/inject/field/FieldHandler$METHOD_TYPE;Ljava/lang/Object;Lorg/apache/felix/scr/impl/inject/BindParameters;)Lorg/apache/felix/scr/impl/inject/MethodResult;+304
j  org.apache.felix.scr.impl.inject.field.FieldHandler.access$400(Lorg/apache/felix/scr/impl/inject/field/FieldHandler;Lorg/apache/felix/scr/impl/inject/field/FieldHandler$METHOD_TYPE;Ljava/lang/Object;Lorg/apache/felix/scr/impl/inject/BindParameters;)Lorg/apache/felix/scr/impl/inject/MethodResult;+4
j  org.apache.felix.scr.impl.inject.field.FieldHandler$Resolved.invoke(Lorg/apache/felix/scr/impl/inject/field/FieldHandler;Lorg/apache/felix/scr/impl/inject/field/FieldHandler$METHOD_TYPE;Ljava/lang/Object;Lorg/apache/felix/scr/impl/inject/BindParameters;)Lorg/apache/felix/scr/impl/inject/MethodResult;+5
j  org.apache.felix.scr.impl.inject.field.FieldHandler$ReferenceMethodImpl.invoke(Ljava/lang/Object;Lorg/apache/felix/scr/impl/inject/BindParameters;Lorg/apache/felix/scr/impl/inject/MethodResult;)Lorg/apache/felix/scr/impl/inject/MethodResult;+34
j  org.apache.felix.scr.impl.manager.DependencyManager.doInvokeBindMethod(Lorg/apache/felix/scr/impl/manager/ComponentContextImpl;Lorg/apache/felix/scr/impl/inject/ReferenceMethod;Lorg/apache/felix/scr/impl/inject/RefPair;I)Z+67
j  org.apache.felix.scr.impl.manager.DependencyManager.bindDependency(Lorg/apache/felix/scr/impl/manager/ComponentContextImpl;Lorg/apache/felix/scr/impl/inject/ReferenceMethod;Lorg/apache/felix/scr/impl/inject/OpenStatus;)Z+75
j  org.apache.felix.scr.impl.manager.DependencyManager.bind(Lorg/apache/felix/scr/impl/manager/ComponentContextImpl;Lorg/apache/felix/scr/impl/inject/OpenStatus;)Z+54
j  org.apache.felix.scr.impl.manager.SingleComponentManager.createImplementationObject(Lorg/osgi/framework/Bundle;Lorg/apache/felix/scr/impl/manager/SingleComponentManager$SetImplementationObject;Lorg/apache/felix/scr/impl/manager/ComponentContextImpl;)Ljava/lang/Object;+409
j  org.apache.felix.scr.impl.manager.SingleComponentManager.createComponent(Lorg/apache/felix/scr/impl/manager/ComponentContextImpl;)Z+35
j  org.apache.felix.scr.impl.manager.SingleComponentManager.getService(Lorg/apache/felix/scr/impl/manager/ComponentContextImpl;)Ljava/lang/Object;+14
j  org.apache.felix.scr.impl.manager.SingleComponentManager.getServiceInternal(Lorg/osgi/framework/ServiceRegistration;)Z+87
j  org.apache.felix.scr.impl.manager.SingleComponentManager.getService(Lorg/osgi/framework/Bundle;Lorg/osgi/framework/ServiceRegistration;)Ljava/lang/Object;+69
j  org.eclipse.osgi.internal.serviceregistry.ServiceFactoryUse$1.run()Ljava/lang/Object;+24
J 2779 c1 java.security.AccessController.doPrivileged(Ljava/security/PrivilegedAction;)Ljava/lang/Object; java.base@21.0.10 (9 bytes) @ 0x0000020d4d947154 [0x0000020d4d946fe0+0x0000000000000174]
j  org.eclipse.osgi.internal.serviceregistry.ServiceFactoryUse.factoryGetService()Ljava/lang/Object;+8
j  org.eclipse.osgi.internal.serviceregistry.ServiceFactoryUse.getService()Ljava/lang/Object;+231
j  org.eclipse.osgi.internal.serviceregistry.ServiceConsumer$2.getService(Lorg/eclipse/osgi/internal/serviceregistry/ServiceUse;)Ljava/lang/Object;+1
j  org.eclipse.osgi.internal.serviceregistry.ServiceRegistrationImpl.getService(Lorg/eclipse/osgi/internal/framework/BundleContextImpl;Lorg/eclipse/osgi/internal/serviceregistry/ServiceConsumer;)Ljava/lang/Object;+459
j  org.eclipse.osgi.internal.serviceregistry.ServiceRegistry.getService(Lorg/eclipse/osgi/internal/framework/BundleContextImpl;Lorg/eclipse/osgi/internal/serviceregistry/ServiceReferenceImpl;)Ljava/lang/Object;+12
j  org.eclipse.osgi.internal.framework.BundleContextImpl.getService(Lorg/osgi/framework/ServiceReference;)Ljava/lang/Object;+35
j  org.apache.felix.scr.impl.manager.SingleRefPair.getServiceObject(Lorg/apache/felix/scr/impl/inject/ScrComponentContext;Lorg/osgi/framework/BundleContext;)Z+5
j  org.apache.felix.scr.impl.inject.methods.BindMethod.getServiceObject(Lorg/apache/felix/scr/impl/inject/BindParameters;Lorg/osgi/framework/BundleContext;)Z+84
j  org.apache.felix.scr.impl.manager.DependencyManager.getServiceObject(Lorg/apache/felix/scr/impl/manager/ComponentContextImpl;Lorg/apache/felix/scr/impl/inject/ReferenceMethod;Lorg/apache/felix/scr/impl/inject/RefPair;)Z+26
j  org.apache.felix.scr.impl.manager.DependencyManager$MultipleDynamicCustomizer.prebind(Lorg/apache/felix/scr/impl/manager/ComponentContextImpl;)Z+98
j  org.apache.felix.scr.impl.manager.DependencyManager.prebind(Lorg/apache/felix/scr/impl/manager/ComponentContextImpl;)Z+5
j  org.apache.felix.scr.impl.manager.AbstractComponentManager.collectDependencies(Lorg/apache/felix/scr/impl/manager/ComponentContextImpl;)Z+36
j  org.apache.felix.scr.impl.manager.SingleComponentManager.getServiceInternal(Lorg/osgi/framework/ServiceRegistration;)Z+25
j  org.apache.felix.scr.impl.manager.AbstractComponentManager.activateInternal()V+485
j  org.apache.felix.scr.impl.manager.DependencyManager$SingleStaticCustomizer.addedService(Lorg/osgi/framework/ServiceReference;Lorg/apache/felix/scr/impl/inject/RefPair;IILorg/apache/felix/scr/impl/manager/ExtendedServiceEvent;)V+267
j  org.apache.felix.scr.impl.manager.DependencyManager$SingleStaticCustomizer.addedService(Lorg/osgi/framework/ServiceReference;Ljava/lang/Object;IILorg/osgi/framework/ServiceEvent;)V+14
j  org.apache.felix.scr.impl.manager.ServiceTracker$Tracked.customizerAdded(Lorg/osgi/framework/ServiceReference;Lorg/osgi/framework/ServiceEvent;Ljava/lang/Object;II)V+14
j  org.apache.felix.scr.impl.manager.ServiceTracker$Tracked.customizerAdded(Ljava/lang/Object;Ljava/lang/Object;Ljava/lang/Object;II)V+14
j  org.apache.felix.scr.impl.manager.ServiceTracker$AbstractTracked.trackAdding(Ljava/lang/Object;Ljava/lang/Object;)V+207
j  org.apache.felix.scr.impl.manager.ServiceTracker$AbstractTracked.track(Ljava/lang/Object;Ljava/lang/Object;)V+104
j  org.apache.felix.scr.impl.manager.ServiceTracker$Tracked.serviceChanged(Lorg/osgi/framework/ServiceEvent;)V+67
j  org.apache.felix.scr.impl.BundleComponentActivator$ListenerInfo.serviceChanged(Lorg/osgi/framework/ServiceEvent;)V+66
J 2613 c1 org.eclipse.osgi.internal.serviceregistry.FilteredServiceListener.serviceChanged(Lorg/osgi/framework/ServiceEvent;)V (296 bytes) @ 0x0000020d4d8e4134 [0x0000020d4d8e1820+0x0000000000002914]
J 2591 c1 org.eclipse.osgi.internal.framework.BundleContextImpl.dispatchEvent(Ljava/lang/Object;Ljava/lang/Object;ILjava/lang/Object;)V (577 bytes) @ 0x0000020d4d8ce7d4 [0x0000020d4d8caf00+0x00000000000038d4]
J 2649 c1 org.eclipse.osgi.framework.eventmgr.EventManager.dispatchEvent(Ljava/util/Set;Lorg/eclipse/osgi/framework/eventmgr/EventDispatcher;ILjava/lang/Object;)V (69 bytes) @ 0x0000020d4d8fc454 [0x0000020d4d8fbf40+0x0000000000000514]
j  org.eclipse.osgi.framework.eventmgr.ListenerQueue.dispatchEventSynchronous(ILjava/lang/Object;)V+67
j  org.eclipse.osgi.internal.serviceregistry.ServiceRegistry.publishServiceEventPrivileged(Lorg/osgi/framework/ServiceEvent;)V+320
j  org.eclipse.osgi.internal.serviceregistry.ServiceRegistry.publishServiceEvent(Lorg/osgi/framework/ServiceEvent;)V+8
j  org.eclipse.osgi.internal.serviceregistry.ServiceRegistrationImpl.register(Ljava/util/Dictionary;)V+137
j  org.eclipse.osgi.internal.serviceregistry.ServiceRegistry.registerService(Lorg/eclipse/osgi/internal/framework/BundleContextImpl;[Ljava/lang/String;Ljava/lang/Object;Ljava/util/Dictionary;)Lorg/eclipse/osgi/internal/serviceregistry/ServiceRegistrationImpl;+317
j  org.eclipse.osgi.internal.framework.BundleContextImpl.registerService([Ljava/lang/String;Ljava/lang/Object;Ljava/util/Dictionary;)Lorg/osgi/framework/ServiceRegistration;+15
j  org.eclipse.osgi.internal.framework.BundleContextImpl.registerService(Ljava/lang/String;Ljava/lang/Object;Ljava/util/Dictionary;)Lorg/osgi/framework/ServiceRegistration;+15
j  org.eclipse.osgi.internal.framework.BundleContextImpl.registerService(Ljava/lang/Class;Ljava/lang/Object;Ljava/util/Dictionary;)Lorg/osgi/framework/ServiceRegistration;+7
j  org.eclipse.core.resources.ResourcesPlugin$WorkspaceInitCustomizer.addingService(Lorg/osgi/framework/ServiceReference;)Lorg/eclipse/core/internal/resources/Workspace;+83
j  org.eclipse.core.resources.ResourcesPlugin$WorkspaceInitCustomizer.addingService(Lorg/osgi/framework/ServiceReference;)Ljava/lang/Object;+5
j  org.osgi.util.tracker.ServiceTracker$Tracked.customizerAdding(Lorg/osgi/framework/ServiceReference;Lorg/osgi/framework/ServiceEvent;)Ljava/lang/Object;+8
j  org.osgi.util.tracker.ServiceTracker$Tracked.customizerAdding(Ljava/lang/Object;Ljava/lang/Object;)Ljava/lang/Object;+9
J 2823 c1 org.osgi.util.tracker.AbstractTracked.trackAdding(Ljava/lang/Object;Ljava/lang/Object;)V (167 bytes) @ 0x0000020d4d959f0c [0x0000020d4d959de0+0x000000000000012c]
j  org.osgi.util.tracker.AbstractTracked.trackInitial()V+90
j  org.osgi.util.tracker.ServiceTracker.open(Z)V+198
j  org.osgi.util.tracker.ServiceTracker.open()V+2
j  org.eclipse.core.resources.ResourcesPlugin.start(Lorg/osgi/framework/BundleContext;)V+106
j  org.eclipse.osgi.internal.framework.BundleContextImpl$2.run()Ljava/lang/Void;+23
j  org.eclipse.osgi.internal.framework.BundleContextImpl$2.run()Ljava/lang/Object;+1
J 1212 c1 java.security.AccessController.executePrivileged(Ljava/security/PrivilegedExceptionAction;Ljava/security/AccessControlContext;Ljava/lang/Class;)Ljava/lang/Object; java.base@21.0.10 (65 bytes) @ 0x0000020d4d5c23c4 [0x0000020d4d5c2260+0x0000000000000164]
j  java.security.AccessController.doPrivileged(Ljava/security/PrivilegedExceptionAction;)Ljava/lang/Object;+9 java.base@21.0.10
j  org.eclipse.osgi.internal.framework.BundleContextImpl.startActivator(Lorg/osgi/framework/BundleActivator;)V+9
j  org.eclipse.osgi.internal.framework.BundleContextImpl.start()V+141
j  org.eclipse.osgi.internal.framework.EquinoxBundle.startWorker0()V+35
j  org.eclipse.osgi.internal.framework.EquinoxBundle$EquinoxModule.startWorker()V+4
j  org.eclipse.osgi.container.Module.doStart([Lorg/eclipse/osgi/container/Module$StartOptions;)Lorg/eclipse/osgi/container/ModuleContainerAdaptor$ModuleEvent;+200
j  org.eclipse.osgi.container.Module.start([Lorg/eclipse/osgi/container/Module$StartOptions;)V+460
j  org.eclipse.osgi.framework.util.SecureAction.start(Lorg/eclipse/osgi/container/Module;[Lorg/eclipse/osgi/container/Module$StartOptions;)V+8
J 2674 c1 org.eclipse.osgi.internal.hooks.EclipseLazyStarter.postFindLocalClass(Ljava/lang/String;Ljava/lang/Class;Lorg/eclipse/osgi/internal/loader/classpath/ClasspathManager;)V (394 bytes) @ 0x0000020d4d910594 [0x0000020d4d90f5c0+0x0000000000000fd4]
J 2672 c1 org.eclipse.osgi.internal.loader.classpath.ClasspathManager.findLocalClass(Ljava/lang/String;)Ljava/lang/Class; (210 bytes) @ 0x0000020d4d9087f4 [0x0000020d4d9077e0+0x0000000000001014]
J 2670 c1 org.eclipse.osgi.internal.loader.BundleLoader.findLocalClass(Ljava/lang/String;)Ljava/lang/Class; (159 bytes) @ 0x0000020d4d90ad4c [0x0000020d4d90a160+0x0000000000000bec]
J 2625 c1 org.eclipse.osgi.internal.loader.BundleLoader.findClass0(Ljava/lang/String;ZZ)Ljava/lang/Class; (490 bytes) @ 0x0000020d4d8f235c [0x0000020d4d8ef1c0+0x000000000000319c]
J 2624 c1 org.eclipse.osgi.internal.loader.BundleLoader.findClass(Ljava/lang/String;)Ljava/lang/Class; (8 bytes) @ 0x0000020d4d8ebecc [0x0000020d4d8ebe40+0x000000000000008c]
J 2630 c1 org.eclipse.osgi.internal.loader.ModuleClassLoader.loadClass(Ljava/lang/String;Z)Ljava/lang/Class; (36 bytes) @ 0x0000020d4d8ed4cc [0x0000020d4d8ed2a0+0x000000000000022c]
J 1061 c1 java.lang.ClassLoader.loadClass(Ljava/lang/String;)Ljava/lang/Class; java.base@21.0.10 (7 bytes) @ 0x0000020d4d57a6d4 [0x0000020d4d57a5c0+0x0000000000000114]
v  ~StubRoutines::call_stub 0x0000020d5482100d
j  java.lang.Class.getDeclaredConstructors0(Z)[Ljava/lang/reflect/Constructor;+0 java.base@21.0.10
j  java.lang.Class.privateGetDeclaredConstructors(Z)[Ljava/lang/reflect/Constructor;+52 java.base@21.0.10
j  java.lang.Class.getConstructor0([Ljava/lang/Class;I)Ljava/lang/reflect/Constructor;+14 java.base@21.0.10
j  java.lang.Class.getConstructor([Ljava/lang/Class;)Ljava/lang/reflect/Constructor;+24 java.base@21.0.10
j  org.eclipse.osgi.internal.framework.BundleContextImpl.loadBundleActivator()Lorg/osgi/framework/BundleActivator;+105
j  org.eclipse.osgi.internal.framework.BundleContextImpl.start()V+18
j  org.eclipse.osgi.internal.framework.EquinoxBundle.startWorker0()V+35
j  org.eclipse.osgi.internal.framework.EquinoxBundle$EquinoxModule.startWorker()V+4
j  org.eclipse.osgi.container.Module.doStart([Lorg/eclipse/osgi/container/Module$StartOptions;)Lorg/eclipse/osgi/container/ModuleContainerAdaptor$ModuleEvent;+200
j  org.eclipse.osgi.container.Module.start([Lorg/eclipse/osgi/container/Module$StartOptions;)V+460
j  org.eclipse.osgi.container.ModuleContainer$ContainerStartLevel$2.run()V+83
j  org.eclipse.osgi.internal.framework.EquinoxContainerAdaptor$1$1.execute(Ljava/lang/Runnable;)V+1
j  org.eclipse.osgi.container.ModuleContainer$ContainerStartLevel.incStartLevel(ILjava/util/List;Z)V+193
j  org.eclipse.osgi.container.ModuleContainer$ContainerStartLevel.incStartLevel(ILjava/util/List;Ljava/util/List;Ljava/util/List;Ljava/util/List;)V+19
j  org.eclipse.osgi.container.ModuleContainer$ContainerStartLevel.doContainerStartLevel(Lorg/eclipse/osgi/container/Module;I[Lorg/osgi/framework/FrameworkListener;)V+358
j  org.eclipse.osgi.container.ModuleContainer$ContainerStartLevel.dispatchEvent(Lorg/eclipse/osgi/container/Module;[Lorg/osgi/framework/FrameworkListener;ILjava/lang/Integer;)V+32
j  org.eclipse.osgi.container.ModuleContainer$ContainerStartLevel.dispatchEvent(Ljava/lang/Object;Ljava/lang/Object;ILjava/lang/Object;)V+15
j  org.eclipse.osgi.framework.eventmgr.EventManager.dispatchEvent(Ljava/util/Set;Lorg/eclipse/osgi/framework/eventmgr/EventDispatcher;ILjava/lang/Object;)V+48
j  org.eclipse.osgi.framework.eventmgr.EventManager$EventThread.run()V+26
v  ~StubRoutines::call_stub 0x0000020d5482100d

siginfo: EXCEPTION_UNCAUGHT_CXX_EXCEPTION (0xe06d7363), ExceptionInformation=0x0000000019930520 0x0000006d0d1f7510 0x00007ffc001d5278 0x00007ffc001d0000 


Registers:
RAX=0x00007ffc072a0139, RBX=0x0000006d0d1f74b8, RCX=0x0000020d69251a80, RDX=0x00007ffba6948547
RSP=0x0000006d0d1f7390, RBP=0x0000000000000004, RSI=0x0000000000000001, RDI=0x00000000e06d7363
R8 =0x00007ffba6aa7772, R9 =0x0000006d0d1f6e18, R10=0x00007ffba7118b78, R11=0x000000000000000b
R12=0x0000000000001fbf, R13=0x0000020d692520e8, R14=0x0000020d692520e8, R15=0x0000020d692520e8
RIP=0x00007ffc0808fe0a, EFLAGS=0x0000000000000206

XMM[0]=0x0000006d0d1f7690 0x000000009afd2076
XMM[1]=0x0000020d687270e8 0x0000000000000000
XMM[2]=0x0000020d68a67290 0x0000020d4a1ef9d0
XMM[3]=0x0000006d0d1f7708 0x0000006d0d1f7718
XMM[4]=0x00007ffba6cdd2ef 0x0000000000000000
XMM[5]=0x0000000000000000 0x0000000000000000
XMM[6]=0x0000000000000000 0x5447d83340ae8190
XMM[7]=0x0000000000000000 0x03b550f28835de12
XMM[8]=0x0000000000000000 0xc36c9e33fbd6b3fb
XMM[9]=0x0000000000000000 0x4eff5a49915f07f9
XMM[10]=0x0000000000000000 0x00000000425fadb0
XMM[11]=0x0000000000000000 0x11f02dbaa34f35b3
XMM[12]=0x0000000000000000 0x00000000915f07f9
XMM[13]=0x0000000000000000 0x000000000439d57c
XMM[14]=0x0000000000000000 0xba147737f930cecb
XMM[15]=0x0000000000000000 0x000000003f1c5794
  MXCSR=0x00001fa0


Register to memory mapping:

RAX=0x00007ffc072a0139 ucrtbase.dll
RBX=0x0000006d0d1f74b8 is pointing into the stack for thread: 0x0000020d68a67290
RCX=0x0000020d69251a80 points into unknown readable memory: 0x0000000000000000 | 00 00 00 00 00 00 00 00
RDX=0x00007ffba6948547 jvm.dll
RSP=0x0000006d0d1f7390 is pointing into the stack for thread: 0x0000020d68a67290
RBP=0x0000000000000004 is an unknown value
RSI=0x0000000000000001 is an unknown value
RDI=0x00000000e06d7363 is an unallocated location in the heap
R8 =0x00007ffba6aa7772 jvm.dll
R9 =0x0000006d0d1f6e18 is pointing into the stack for thread: 0x0000020d68a67290
R10=0x00007ffba7118b78 jvm.dll
R11=0x000000000000000b is an unknown value
R12=0x0000000000001fbf is an unknown value
R13=0x0000020d692520e8 points into unknown readable memory: 0x7361622e6176616a | 6a 61 76 61 2e 62 61 73
R14=0x0000020d692520e8 points into unknown readable memory: 0x7361622e6176616a | 6a 61 76 61 2e 62 61 73
R15=0x0000020d692520e8 points into unknown readable memory: 0x7361622e6176616a | 6a 61 76 61 2e 62 61 73

Top of Stack: (sp=0x0000006d0d1f7390)
0x0000006d0d1f7390:   0000020d00000003 0000006d0d1f74b8
0x0000006d0d1f73a0:   0000000000000001 00000000e06d7363
0x0000006d0d1f73b0:   00000081e06d7363 0000000000000000
0x0000006d0d1f73c0:   00007ffc0808fe0a 0000000000000004
0x0000006d0d1f73d0:   0000000019930520 0000006d0d1f7510
0x0000006d0d1f73e0:   00007ffc001d5278 00007ffc001d0000
0x0000006d0d1f73f0:   0000000000000000 0000000000000000
0x0000006d0d1f7400:   0000000000000000 0000000000000000
0x0000006d0d1f7410:   0000000000000000 0000000000000000
0x0000006d0d1f7420:   0000000000000000 0000000000000000
0x0000006d0d1f7430:   0000000000000000 0000000000000000
0x0000006d0d1f7440:   0000000000000000 0000020d54f75406
0x0000006d0d1f7450:   0000abd7d0d68098 0000006d0d1f7640
0x0000006d0d1f7460:   00007ffc001d7000 0000000019930520
0x0000006d0d1f7470:   0000006d0d1f7510 0000006d0d1f7640
0x0000006d0d1f7480:   00007ffc001d5278 00007ffbfc0c5267
0x0000006d0d1f7490:   0000020d00552ad8 0000020d68a67290
0x0000006d0d1f74a0:   0000006d0d1f75f0 00007ffc072a4375
0x0000006d0d1f74b0:   00007ffc001d0000 0000000019930520
0x0000006d0d1f74c0:   0000006d0d1f7510 00007ffc001d5278
0x0000006d0d1f74d0:   00007ffc001d0000 00007ffc072a01d3
0x0000006d0d1f74e0:   0000020d4a844c05 00007ffc001d3203
0x0000006d0d1f74f0:   fffffffffffffffe 0000000000000000
0x0000006d0d1f7500:   0000000000001fbf 0000020d4a844c05
0x0000006d0d1f7510:   00007ffc001d4478 00007ffc001d4488
0x0000006d0d1f7520:   0000000000000000 0000000080275d00
0x0000006d0d1f7530:   0000020d4a844c05 00007ffc001d2985
0x0000006d0d1f7540:   0000000000001fbf 0000020d00155870
0x0000006d0d1f7550:   0000020d68a67290 0000020d00155870
0x0000006d0d1f7560:   0000020d4a844c05 00007ffc001d1413
0x0000006d0d1f7570:   0000000000000000 0000020d6207fed0
0x0000006d0d1f7580:   0000020d68a67290 0000006d0d1f7658 

Instructions: (pc=0x00007ffc0808fe0a)
0x00007ffc0808fd0a:   00 e8 c0 e5 fa ff 48 8b cb e8 f8 8e f7 ff 48 85
0x00007ffc0808fd1a:   f6 74 08 48 8b ce e8 eb 8e f7 ff 48 85 ff 74 08
0x00007ffc0808fd2a:   48 8b cf e8 de 8e f7 ff 8b 4c 24 40 48 ff 15 93
0x00007ffc0808fd3a:   58 1d 00 0f 1f 44 00 00 90 48 8b 8c 24 a0 02 00
0x00007ffc0808fd4a:   00 48 33 cc e8 2d 4c 0d 00 4c 8d 9c 24 b0 02 00
0x00007ffc0808fd5a:   00 49 8b 5b 38 49 8b 73 40 49 8b e3 41 5f 41 5e
0x00007ffc0808fd6a:   41 5d 41 5c 5f c3 cc cc cc cc cc cc cc cc cc cc
0x00007ffc0808fd7a:   cc cc cc cc cc cc 40 53 55 56 57 48 81 ec d8 00
0x00007ffc0808fd8a:   00 00 48 8b 05 3d f3 2d 00 48 33 c4 48 89 84 24
0x00007ffc0808fd9a:   c0 00 00 00 8b f2 41 8b e8 33 d2 8b f9 48 8d 4c
0x00007ffc0808fdaa:   24 3c 49 8b d9 44 8d 42 7c e8 19 9b 06 00 33 c9
0x00007ffc0808fdba:   89 7c 24 20 83 e6 01 48 89 4c 24 28 89 74 24 24
0x00007ffc0808fdca:   48 8d 05 af ff ff ff 48 89 44 24 30 48 85 db 74
0x00007ffc0808fdda:   51 41 b8 0f 00 00 00 48 8d 4c 24 40 41 3b e8 48
0x00007ffc0808fdea:   8b d3 44 0f 46 c5 44 89 44 24 38 49 c1 e0 03 e8
0x00007ffc0808fdfa:   39 4b 0d 00 48 8d 4c 24 20 48 ff 15 0e 5f 1d 00
0x00007ffc0808fe0a:   0f 1f 44 00 00 48 8b 8c 24 c0 00 00 00 48 33 cc
0x00007ffc0808fe1a:   e8 61 4b 0d 00 48 81 c4 d8 00 00 00 5f 5e 5d 5b
0x00007ffc0808fe2a:   c3 cc 89 4c 24 38 eb cc cc cc cc cc cc cc cc cc
0x00007ffc0808fe3a:   cc cc cc cc cc cc 48 89 5c 24 10 48 89 74 24 18
0x00007ffc0808fe4a:   57 48 83 ec 30 48 8b d9 33 ff f6 c1 08 0f 84 a7
0x00007ffc0808fe5a:   00 00 00 48 8b 0d 9c 4e 2e 00 48 ff 15 f5 58 1d
0x00007ffc0808fe6a:   00 0f 1f 44 00 00 90 48 8d 53 f8 48 8d 0d a4 4e
0x00007ffc0808fe7a:   2e 00 48 ff 15 ad 58 1d 00 0f 1f 44 00 00 84 c0
0x00007ffc0808fe8a:   74 2f 48 8b 3b 48 89 7c 24 20 48 85 ff 74 1b 0f
0x00007ffc0808fe9a:   b7 4b fa ba ff 00 00 00 8d 41 01 66 89 43 fa 66
0x00007ffc0808feaa:   3b ca 75 1e 66 89 4b fa eb 18 b9 9d 00 00 00 eb
0x00007ffc0808feba:   05 b9 06 00 00 00 48 ff 15 09 57 1d 00 0f 1f 44
0x00007ffc0808feca:   00 00 eb 0f 33 ff 48 89 7c 24 20 8b c8 e8 e4 54
0x00007ffc0808feda:   f7 ff 90 48 8b 0d 1c 4e 2e 00 48 ff 15 6d 58 1d
0x00007ffc0808feea:   00 0f 1f 44 00 00 48 8b c7 48 8b 5c 24 48 48 8b
0x00007ffc0808fefa:   74 24 50 48 83 c4 30 5f c3 cc 48 8b 05 85 61 2e 


Stack slot to memory mapping:

stack at sp + 0 slots: 0x0000020d00000003 is pointing into metadata
stack at sp + 1 slots: 0x0000006d0d1f74b8 is pointing into the stack for thread: 0x0000020d68a67290
stack at sp + 2 slots: 0x0000000000000001 is an unknown value
stack at sp + 3 slots: 0x00000000e06d7363 is an unallocated location in the heap
stack at sp + 4 slots: 0x00000081e06d7363 is an unknown value
stack at sp + 5 slots: 0x0 is null
stack at sp + 6 slots: 0x00007ffc0808fe0a KERNELBASE.dll
stack at sp + 7 slots: 0x0000000000000004 is an unknown value

invokestatic  184 invokestatic  [0x0000020d54837fe0, 0x0000020d548382a8]  712 bytes
[MachCode]
  0x0000020d54837fe0: 4883 ec08 | c5fa 1104 | 24eb 1f48 | 83ec 10c5 | fb11 0424 | eb14 4883 | ec10 4889 | 0424 48c7 
  0x0000020d54838000: 4424 0800 | 0000 00eb | 0150 4c89 | 6dc0 410f | b755 0148 | 8b4d d0c1 | e202 8b5c | d138 c1eb 
  0x0000020d54838020: 1081 e3ff | 0000 0081 | fbb8 0000 | 000f 84b4 | 0000 00bb | b800 0000 | e805 0000 | 00e9 9900 
  0x0000020d54838040: 0000 488b | d348 8d44 | 2408 4c89 | 6dc0 498b | cfc5 f877 | 4989 afb0 | 0300 0049 | 8987 a003 
  0x0000020d54838060: 0000 4883 | ec20 40f6 | c40f 0f84 | 1900 0000 | 4883 ec08 | 48b8 3001 | aea6 fb7f | 0000 ffd0 
  0x0000020d54838080: 4883 c408 | e90c 0000 | 0048 b830 | 01ae a6fb | 7f00 00ff | d048 83c4 | 2049 c787 | a003 0000 
  0x0000020d548380a0: 0000 0000 | 49c7 87b0 | 0300 0000 | 0000 0049 | c787 a803 | 0000 0000 | 0000 c5f8 | 7749 837f 
  0x0000020d548380c0: 0800 0f84 | 0500 0000 | e933 8efe | ff4c 8b6d | c04c 8b75 | c84e 8d74 | f500 c341 | 0fb7 5501 
  0x0000020d548380e0: 488b 4dd0 | c1e2 0248 | 8b5c d140 | 488b 5b08 | 488b 5b08 | 488b 5b18 | 80bb 3101 | 0000 040f 
  0x0000020d54838100: 840d 0000 | 004c 3bbb | 3801 0000 | 0f85 21ff | ffff 488b | 5cd1 408b | 54d1 50c1 | ea1c 49ba 
  0x0000020d54838120: 20e4 3ca7 | fb7f 0000 | 498b 14d2 | 5248 8b45 | d848 85c0 | 0f84 1200 | 0000 4883 | 4008 0148 
  0x0000020d54838140: 8358 0800 | 4883 c010 | 4889 45d8 | 488b 45d8 | 4885 c00f | 843d 0100 | 0080 78f0 | 0a0f 8533 
  0x0000020d54838160: 0100 0048 | 83c0 084c | 8b68 f841 | 83ed 0041 | 83fd 020f | 8c12 0100 | 004c 8b6b | 0845 0fb7 
  0x0000020d54838180: 6d2e 4c2b | 2841 83ed | 014e 8b6c | ec08 4d85 | ed75 0ef6 | 4008 0175 | 58f0 4883 | 4808 01eb 
  0x0000020d548381a0: 5045 8b6d | 0849 ba00 | 0000 000d | 0200 004d | 03ea 4d8b | d54c 3368 | 0849 f7c5 | fcff ffff 
  0x0000020d548381c0: 742f 41f6 | c502 7529 | 4883 7808 | 0074 1e48 | 8378 0801 | 7417 4d8b | ea4c 3368 | 0849 f7c5 
  0x0000020d548381e0: fcff ffff | 740b 4883 | 4808 02eb | 044c 8968 | 0848 83c0 | 104c 8b68 | e841 83ed | 0241 83fd 
  0x0000020d54838200: 020f 8c84 | 0000 004c | 8b6b 0845 | 0fb7 6d2e | 4c2b 2841 | 83ed 014e | 8b6c ec08 | 4d85 ed75 
  0x0000020d54838220: 0ef6 4008 | 0175 58f0 | 4883 4808 | 01eb 5045 | 8b6d 0849 | ba00 0000 | 000d 0200 | 004d 03ea 
  0x0000020d54838240: 4d8b d54c | 3368 0849 | f7c5 fcff | ffff 742f | 41f6 c502 | 7529 4883 | 7808 0074 | 1e48 8378 
  0x0000020d54838260: 0801 7417 | 4d8b ea4c | 3368 0849 | f7c5 fcff | ffff 740b | 4883 4808 | 02eb 044c | 8968 0848 
  0x0000020d54838280: 83c0 104c | 8b68 d841 | 83ed 0441 | c1e5 0349 | 03c5 4889 | 45d8 4c8d | 6c24 084c | 896d f0ff 
  0x0000020d548382a0: 6350 660f | 1f44 0000 
[/MachCode]

Compiled method (c1) 14799 2779       3       java.security.AccessController::doPrivileged (9 bytes)
 total in heap  [0x0000020d4d946e10,0x0000020d4d947458] = 1608
 relocation     [0x0000020d4d946f70,0x0000020d4d946fe0] = 112
 main code      [0x0000020d4d946fe0,0x0000020d4d9472c0] = 736
 stub code      [0x0000020d4d9472c0,0x0000020d4d947318] = 88
 metadata       [0x0000020d4d947318,0x0000020d4d947330] = 24
 scopes data    [0x0000020d4d947330,0x0000020d4d9473b0] = 128
 scopes pcs     [0x0000020d4d9473b0,0x0000020d4d947440] = 144
 dependencies   [0x0000020d4d947440,0x0000020d4d947448] = 8
 nul chk table  [0x0000020d4d947448,0x0000020d4d947458] = 16

[Constant Pool (empty)]

[MachCode]
[Verified Entry Point]
  # {method} {0x0000020d004709b8} 'doPrivileged' '(Ljava/security/PrivilegedAction;)Ljava/lang/Object;' in 'java/security/AccessController'
  # parm0:    rdx:rdx   = 'java/security/PrivilegedAction'
  #           [sp+0x70]  (sp of caller)
  0x0000020d4d946fe0: 8984 2400 | 80ff ff55 | 4883 ec60 | 4181 7f20 | 0100 0000 

  0x0000020d4d946ff4: ;   {runtime_call StubRoutines (final stubs)}
  0x0000020d4d946ff4: 7405 e8e5 

  0x0000020d4d946ff8: ;   {metadata(method data for {method} {0x0000020d004709b8} 'doPrivileged' '(Ljava/security/PrivilegedAction;)Ljava/lang/Object;' in 'java/security/AccessController')}
  0x0000020d4d946ff8: 19f1 0648 | bec0 b908 | 640d 0200 | 008b becc | 0000 0083 | c702 89be | cc00 0000 | 81e7 fe07 
  0x0000020d4d947018: 0000 85ff | 0f84 d401 | 0000 4889 

  0x0000020d4d947024: ;   {metadata(method data for {method} {0x0000020d004709b8} 'doPrivileged' '(Ljava/security/PrivilegedAction;)Ljava/lang/Object;' in 'java/security/AccessController')}
  0x0000020d4d947024: 5424 4048 | bec0 b908 | 640d 0200 | 0048 8386 | 1001 0000 | 0166 0f1f 

  0x0000020d4d94703c: ;   {static_call}
  0x0000020d4d94703c: 4400 00e8 

  0x0000020d4d947040: ; ImmutableOopMap {[64]=Oop }
                      ;*invokestatic getCallerClass {reexecute=0 rethrow=0 return_oop=0}
                      ; - java.security.AccessController::doPrivileged@2
  0x0000020d4d947040: 1ce8 6407 

  0x0000020d4d947044: ;   {other}
  0x0000020d4d947044: 0f1f 8400 | 3402 0000 

  0x0000020d4d94704c: ;   {metadata(method data for {method} {0x0000020d004709b8} 'doPrivileged' '(Ljava/security/PrivilegedAction;)Ljava/lang/Object;' in 'java/security/AccessController')}
  0x0000020d4d94704c: 48ba c0b9 | 0864 0d02 | 0000 4883 | 8220 0100 

  0x0000020d4d94705c: ;   {metadata(method data for {method} {0x0000020d00470da0} 'executePrivileged' '(Ljava/security/PrivilegedAction;Ljava/security/AccessControlContext;Ljava/lang/Class;)Ljava/lang/Object;' in 'java/security/AccessController')}
  0x0000020d4d94705c: 0001 48ba | 30bb 0864 | 0d02 0000 | 8bb2 cc00 | 0000 83c6 | 0289 b2cc | 0000 0081 | e6fe ff1f 
  0x0000020d4d94707c: 0085 f60f | 8492 0100 

  0x0000020d4d947084: ;   {metadata(method data for {method} {0x0000020d00470da0} 'executePrivileged' '(Ljava/security/PrivilegedAction;Ljava/security/AccessControlContext;Ljava/lang/Class;)Ljava/lang/Object;' in 'java/security/AccessController')}
  0x0000020d4d947084: 0048 ba30 | bb08 640d | 0200 00ff | 8210 0100 

  0x0000020d4d947094: ;   {metadata(method data for {method} {0x0000020d00470da0} 'executePrivileged' '(Ljava/security/PrivilegedAction;Ljava/security/AccessControlContext;Ljava/lang/Class;)Ljava/lang/Object;' in 'java/security/AccessController')}
  0x0000020d4d947094: 0048 ba30 | bb08 640d | 0200 00ff | 8240 0100 | 0048 8944 | 2448 488b | 5424 4048 | 3b02 488b 
  0x0000020d4d9470b4: ;   {metadata(method data for {method} {0x0000020d00470da0} 'executePrivileged' '(Ljava/security/PrivilegedAction;Ljava/security/AccessControlContext;Ljava/lang/Class;)Ljava/lang/Object;' in 'java/security/AccessController')}
  0x0000020d4d9470b4: f248 bf30 | bb08 640d | 0200 008b | 7608 49ba | 0000 0000 | 0d02 0000 | 4903 f248 | 3bb7 b001 
  0x0000020d4d9470d4: 0000 750d | 4883 87b8 | 0100 0001 | e960 0000 | 0048 3bb7 | c001 0000 | 750d 4883 | 87c8 0100 
  0x0000020d4d9470f4: 0001 e94a | 0000 0048 | 83bf b001 | 0000 0075 | 1748 89b7 | b001 0000 | 48c7 87b8 | 0100 0001 
  0x0000020d4d947114: 0000 00e9 | 2900 0000 | 4883 bfc0 | 0100 0000 | 7517 4889 | b7c0 0100 | 0048 c787 | c801 0000 
  0x0000020d4d947134: 0100 0000 | e908 0000 | 0048 8387 | a001 0000 | 0148 b8d0 | 93a4 680d 

  0x0000020d4d94714c: ;   {virtual_call}
  0x0000020d4d94714c: 0200 00e8 

  0x0000020d4d947150: ; ImmutableOopMap {[72]=Oop }
                      ;*invokeinterface run {reexecute=0 rethrow=0 return_oop=0}
                      ; - java.security.AccessController::executePrivileged@29
                      ; - java.security.AccessController::doPrivileged@5
  0x0000020d4d947150: bcfc fd06 

  0x0000020d4d947154: ;   {other}
  0x0000020d4d947154: 0f1f 8400 | 4403 0001 

  0x0000020d4d94715c: ;   {metadata(method data for {method} {0x0000020d00470da0} 'executePrivileged' '(Ljava/security/PrivilegedAction;Ljava/security/AccessControlContext;Ljava/lang/Class;)Ljava/lang/Object;' in 'java/security/AccessController')}
  0x0000020d4d94715c: 48be 30bb | 0864 0d02 | 0000 ff86 | d801 0000 | 488b 7424 

  0x0000020d4d947170: ;   {metadata(method data for {method} {0x0000020d00470da0} 'executePrivileged' '(Ljava/security/PrivilegedAction;Ljava/security/AccessControlContext;Ljava/lang/Class;)Ljava/lang/Object;' in 'java/security/AccessController')}
  0x0000020d4d947170: 4848 bf30 | bb08 640d | 0200 0048 | 8387 3802 

  0x0000020d4d947180: ;   {metadata(method data for {method} {0x0000020d0003dbd0} 'reachabilityFence' '(Ljava/lang/Object;)V' in 'java/lang/ref/Reference')}
  0x0000020d4d947180: 0000 0148 | bfa0 0d06 | 640d 0200 | 008b 9fcc | 0000 0083 | c302 899f | cc00 0000 | 81e3 feff 
  0x0000020d4d9471a0: 1f00 85db | 0f84 9300 

  0x0000020d4d9471a8: ;   {metadata(method data for {method} {0x0000020d00470da0} 'executePrivileged' '(Ljava/security/PrivilegedAction;Ljava/security/AccessControlContext;Ljava/lang/Class;)Ljava/lang/Object;' in 'java/security/AccessController')}
  0x0000020d4d9471a8: 0000 48be | 30bb 0864 | 0d02 0000 | 4883 8648 | 0200 0001 

  0x0000020d4d9471bc: ;   {metadata(method data for {method} {0x0000020d0003dbd0} 'reachabilityFence' '(Ljava/lang/Object;)V' in 'java/lang/ref/Reference')}
  0x0000020d4d9471bc: 48be a00d | 0664 0d02 | 0000 8bbe | cc00 0000 | 83c7 0289 | becc 0000 | 0081 e7fe | ff1f 0085 
  0x0000020d4d9471dc: ff0f 847b | 0000 0048 | 83c4 605d 

  0x0000020d4d9471e8: ;   {poll_return}
  0x0000020d4d9471e8: 493b a750 | 0400 000f | 878a 0000 

  0x0000020d4d9471f4: ;   {metadata({method} {0x0000020d004709b8} 'doPrivileged' '(Ljava/security/PrivilegedAction;)Ljava/lang/Object;' in 'java/security/AccessController')}
  0x0000020d4d9471f4: 00c3 49ba | b009 4700 | 0d02 0000 | 4c89 5424 | 0848 c704 | 24ff ffff 

  0x0000020d4d94720c: ;   {runtime_call counter_overflow Runtime1 stub}
  0x0000020d4d94720c: ffe8 6ed5 

  0x0000020d4d947210: ; ImmutableOopMap {rdx=Oop }
                      ;*synchronization entry
                      ; - java.security.AccessController::doPrivileged@-1
  0x0000020d4d947210: fd06 e90b 

  0x0000020d4d947214: ;   {metadata({method} {0x0000020d00470da0} 'executePrivileged' '(Ljava/security/PrivilegedAction;Ljava/security/AccessControlContext;Ljava/lang/Class;)Ljava/lang/Object;' in 'java/security/AccessController')}
  0x0000020d4d947214: feff ff49 | ba98 0d47 | 000d 0200 | 004c 8954 | 2408 48c7 | 0424 ffff 

  0x0000020d4d94722c: ;   {runtime_call counter_overflow Runtime1 stub}
  0x0000020d4d94722c: ffff e84d 

  0x0000020d4d947230: ; ImmutableOopMap {rax=Oop [64]=Oop }
                      ;*synchronization entry
                      ; - java.security.AccessController::executePrivileged@-1
                      ; - java.security.AccessController::doPrivileged@5
  0x0000020d4d947230: d5fd 06e9 | 4dfe ffff 

  0x0000020d4d947238: ;   {runtime_call throw_null_pointer_exception Runtime1 stub}
  0x0000020d4d947238: e8c3 6efd 

  0x0000020d4d94723c: ; ImmutableOopMap {rdx=Oop [72]=Oop }
                      ;*invokeinterface run {reexecute=0 rethrow=0 return_oop=0}
                      ; - java.security.AccessController::executePrivileged@29
                      ; - java.security.AccessController::doPrivileged@5
                      ;   {metadata({method} {0x0000020d0003dbd0} 'reachabilityFence' '(Ljava/lang/Object;)V' in 'java/lang/ref/Reference')}
  0x0000020d4d94723c: 0649 bac8 | db03 000d | 0200 004c | 8954 2408 | 48c7 0424 | ffff ffff 

  0x0000020d4d947254: ;   {runtime_call counter_overflow Runtime1 stub}
  0x0000020d4d947254: e827 d5fd 

  0x0000020d4d947258: ; ImmutableOopMap {rax=Oop rsi=Oop }
                      ;*synchronization entry
                      ; - java.lang.ref.Reference::reachabilityFence@-1
                      ; - java.security.AccessController::executePrivileged@56
                      ; - java.security.AccessController::doPrivileged@5
  0x0000020d4d947258: 06e9 4cff 

  0x0000020d4d94725c: ;   {metadata({method} {0x0000020d0003dbd0} 'reachabilityFence' '(Ljava/lang/Object;)V' in 'java/lang/ref/Reference')}
  0x0000020d4d94725c: ffff 49ba | c8db 0300 | 0d02 0000 | 4c89 5424 | 0848 c704 | 24ff ffff 

  0x0000020d4d947274: ;   {runtime_call counter_overflow Runtime1 stub}
  0x0000020d4d947274: ffe8 06d5 

  0x0000020d4d947278: ; ImmutableOopMap {rax=Oop }
                      ;*synchronization entry
                      ; - java.lang.ref.Reference::reachabilityFence@-1
                      ; - java.security.AccessController::executePrivileged@60
                      ; - java.security.AccessController::doPrivileged@5
  0x0000020d4d947278: fd06 e964 

  0x0000020d4d94727c: ;   {internal_word}
  0x0000020d4d94727c: ffff ff49 | bae8 7194 | 4d0d 0200 | 004d 8997 | 6804 0000 

  0x0000020d4d947290: ;   {runtime_call SafepointBlob}
  0x0000020d4d947290: e96b d8f2 | 0649 8b87 | 0005 0000 | 49c7 8700 | 0500 0000 | 0000 0049 | c787 0805 | 0000 0000 
  0x0000020d4d9472b0: 0000 4883 

  0x0000020d4d9472b4: ;   {runtime_call unwind_exception Runtime1 stub}
  0x0000020d4d9472b4: c460 5de9 | 4456 fd06 | f4f4 f4f4 
[Stub Code]
  0x0000020d4d9472c0: ;   {no_reloc}
  0x0000020d4d9472c0: 0f1f 4400 

  0x0000020d4d9472c4: ;   {static_stub}
  0x0000020d4d9472c4: 0048 bb00 | 0000 0000 

  0x0000020d4d9472cc: ;   {runtime_call nmethod}
  0x0000020d4d9472cc: 0000 00e9 | fbff ffff 

  0x0000020d4d9472d4: ;   {static_stub}
  0x0000020d4d9472d4: 48bb 0000 | 0000 0000 

  0x0000020d4d9472dc: ;   {runtime_call nmethod}
  0x0000020d4d9472dc: 0000 e9fb 

  0x0000020d4d9472e0: ;   {runtime_call handle_exception_from_callee Runtime1 stub}
  0x0000020d4d9472e0: ffff ffe8 | 189b fd06 

  0x0000020d4d9472e8: ;   {external_word}
  0x0000020d4d9472e8: 48b9 4053 | 10a7 fb7f | 0000 4883 

  0x0000020d4d9472f4: ;   {runtime_call}
  0x0000020d4d9472f4: e4f0 48b8 | b0c3 d2a6 | fb7f 0000 

  0x0000020d4d947300: ;   {section_word}
  0x0000020d4d947300: ffd0 f449 | ba03 7394 | 4d0d 0200 

  0x0000020d4d94730c: ;   {runtime_call DeoptimizationBlob}
  0x0000020d4d94730c: 0041 52e9 | 8cca f206 | f4f4 f4f4 
[/MachCode]


Compiled method (c1) 14814 2613       3       org.eclipse.osgi.internal.serviceregistry.FilteredServiceListener::serviceChanged (296 bytes)
 total in heap  [0x0000020d4d8e1110,0x0000020d4d8e6020] = 20240
 relocation     [0x0000020d4d8e1270,0x0000020d4d8e1810] = 1440
 main code      [0x0000020d4d8e1820,0x0000020d4d8e4ab0] = 12944
 stub code      [0x0000020d4d8e4ab0,0x0000020d4d8e4cf0] = 576
 oops           [0x0000020d4d8e4cf0,0x0000020d4d8e4d38] = 72
 metadata       [0x0000020d4d8e4d38,0x0000020d4d8e4e38] = 256
 scopes data    [0x0000020d4d8e4e38,0x0000020d4d8e5618] = 2016
 scopes pcs     [0x0000020d4d8e5618,0x0000020d4d8e5ef8] = 2272
 dependencies   [0x0000020d4d8e5ef8,0x0000020d4d8e5f50] = 88
 nul chk table  [0x0000020d4d8e5f50,0x0000020d4d8e6020] = 208

[Constant Pool (empty)]

[MachCode]
[Entry Point]
  # {method} {0x0000020d646a7598} 'serviceChanged' '(Lorg/osgi/framework/ServiceEvent;)V' in 'org/eclipse/osgi/internal/serviceregistry/FilteredServiceListener'
  # this:     rdx:rdx   = 'org/eclipse/osgi/internal/serviceregistry/FilteredServiceListener'
  # parm0:    r8:r8     = 'org/osgi/framework/ServiceEvent'
  #           [sp+0x150]  (sp of caller)
  0x0000020d4d8e1820: 448b 5208 | 49bb 0000 | 0000 0d02 | 0000 4d03 | d34c 3bd0 

  0x0000020d4d8e1834: ;   {runtime_call ic_miss_stub}
  0x0000020d4d8e1834: 0f85 46cc | f806 660f | 1f44 0000 
[Verified Entry Point]
  0x0000020d4d8e1840: 8984 2400 | 80ff ff55 | 4881 ec40 | 0100 0090 | 4181 7f20 | 0100 0000 

  0x0000020d4d8e1858: ;   {runtime_call StubRoutines (final stubs)}
  0x0000020d4d8e1858: 7405 e881 | 71f7 0648 | 8994 24a0 

  0x0000020d4d8e1864: ;   {metadata(method data for {method} {0x0000020d646a7598} 'serviceChanged' '(Lorg/osgi/framework/ServiceEvent;)V' in 'org/eclipse/osgi/internal/serviceregistry/FilteredServiceListener')}
  0x0000020d4d8e1864: 0000 0048 | be50 b58a | 640d 0200 | 008b becc | 0000 0083 | c702 89be | cc00 0000 | 81e7 fe07 
  0x0000020d4d8e1884: 0000 85ff | 0f84 5629 | 0000 493b | 0049 8bf0 

  0x0000020d4d8e1894: ;   {metadata(method data for {method} {0x0000020d646a7598} 'serviceChanged' '(Lorg/osgi/framework/ServiceEvent;)V' in 'org/eclipse/osgi/internal/serviceregistry/FilteredServiceListener')}
  0x0000020d4d8e1894: 48bf 50b5 | 8a64 0d02 | 0000 8b76 | 0849 ba00 | 0000 000d | 0200 0049 | 03f2 483b | b720 0100 
  0x0000020d4d8e18b4: 0075 0d48 | 8387 2801 | 0000 01e9 | 6000 0000 | 483b b730 | 0100 0075 | 0d48 8387 | 3801 0000 
  0x0000020d4d8e18d4: 01e9 4a00 | 0000 4883 | bf20 0100 | 0000 7517 | 4889 b720 | 0100 0048 | c787 2801 | 0000 0100 
  0x0000020d4d8e18f4: 0000 e929 | 0000 0048 | 83bf 3001 | 0000 0075 | 1748 89b7 | 3001 0000 | 48c7 8738 | 0100 0001 
  0x0000020d4d8e1914: 0000 00e9 | 0800 0000 | 4883 8710 | 0100 0001 | 418b 7014 | 4885 f675 

  0x0000020d4d8e192c: ;   {metadata(method data for {method} {0x0000020d646a7598} 'serviceChanged' '(Lorg/osgi/framework/ServiceEvent;)V' in 'org/eclipse/osgi/internal/serviceregistry/FilteredServiceListener')}
  0x0000020d4d8e192c: 1648 bb50 | b58a 640d | 0200 0080 | 8b41 0100 | 0001 e9cc 

  0x0000020d4d8e1940: ;   {metadata('org/eclipse/osgi/internal/serviceregistry/ServiceReferenceImpl')}
  0x0000020d4d8e1940: 0000 0048 | b8e8 5610 | 010d 0200 | 008b 7e08 | 49ba 0000 | 0000 0d02 | 0000 4903 | fa48 3bc7 
  0x0000020d4d8e1960: 0f85 8d00 

  0x0000020d4d8e1964: ;   {metadata(method data for {method} {0x0000020d646a7598} 'serviceChanged' '(Lorg/osgi/framework/ServiceEvent;)V' in 'org/eclipse/osgi/internal/serviceregistry/FilteredServiceListener')}
  0x0000020d4d8e1964: 0000 48bb | 50b5 8a64 | 0d02 0000 | 8b46 0849 | ba00 0000 | 000d 0200 | 0049 03c2 | 483b 8358 
  0x0000020d4d8e1984: 0100 0075 | 0d48 8383 | 6001 0000 | 01e9 7900 | 0000 483b | 8368 0100 | 0075 0d48 | 8383 7001 
  0x0000020d4d8e19a4: 0000 01e9 | 6300 0000 | 4883 bb58 | 0100 0000 | 7517 4889 | 8358 0100 | 0048 c783 | 6001 0000 
  0x0000020d4d8e19c4: 0100 0000 | e942 0000 | 0048 83bb | 6801 0000 | 0075 1748 | 8983 6801 | 0000 48c7 | 8370 0100 
  0x0000020d4d8e19e4: 0001 0000 | 00e9 2100 | 0000 e91c 

  0x0000020d4d8e19f0: ;   {metadata(method data for {method} {0x0000020d646a7598} 'serviceChanged' '(Lorg/osgi/framework/ServiceEvent;)V' in 'org/eclipse/osgi/internal/serviceregistry/FilteredServiceListener')}
  0x0000020d4d8e19f0: 0000 0048 | bb50 b58a | 640d 0200 | 0048 83ab | 4801 0000 | 01e9 0028 | 0000 e900 | 0000 0048 
  0x0000020d4d8e1a10: 89b4 24a8 | 0000 008b | 7a1c 4885 

  0x0000020d4d8e1a1c: ;   {metadata(method data for {method} {0x0000020d646a7598} 'serviceChanged' '(Lorg/osgi/framework/ServiceEvent;)V' in 'org/eclipse/osgi/internal/serviceregistry/FilteredServiceListener')}
  0x0000020d4d8e1a1c: ff48 bb50 | b58a 640d | 0200 0048 | c7c0 8001 | 0000 7407 | 48c7 c090 | 0100 0048 | 8b0c 0348 
  0x0000020d4d8e1a3c: 8d49 0148 | 890c 030f | 84ec 0100 | 0048 3b06 

  0x0000020d4d8e1a4c: ;   {metadata(method data for {method} {0x0000020d646a7598} 'serviceChanged' '(Lorg/osgi/framework/ServiceEvent;)V' in 'org/eclipse/osgi/internal/serviceregistry/FilteredServiceListener')}
  0x0000020d4d8e1a4c: 488b de48 | b850 b58a | 640d 0200 

  0x0000020d4d8e1a58: ;   {metadata('org/eclipse/osgi/internal/serviceregistry/ServiceReferenceImpl')}
  0x0000020d4d8e1a58: 0049 bae8 | 5610 010d | 0200 004c | 8990 b001 | 0000 4883 | 80b8 0100 

  0x0000020d4d8e1a70: ;   {metadata(method data for {method} {0x0000020d646b5ae8} 'getClasses' '()[Ljava/lang/String;' in 'org/eclipse/osgi/internal/serviceregistry/ServiceReferenceImpl')}
  0x0000020d4d8e1a70: 0001 48bb | 3842 8c64 | 0d02 0000 | 8b83 cc00 | 0000 83c0 | 0289 83cc | 0000 0025 | feff 1f00 
  0x0000020d4d8e1a90: 85c0 0f84 | 8027 0000 | 8b5e 0c48 | 3b03 488b 

  0x0000020d4d8e1aa0: ;   {metadata(method data for {method} {0x0000020d646b5ae8} 'getClasses' '()[Ljava/lang/String;' in 'org/eclipse/osgi/internal/serviceregistry/ServiceReferenceImpl')}
  0x0000020d4d8e1aa0: c348 b938 | 428c 640d | 0200 008b | 4008 49ba | 0000 0000 | 0d02 0000 | 4903 c248 | 3b81 2001 
  0x0000020d4d8e1ac0: 0000 750d | 4883 8128 | 0100 0001 | e960 0000 | 0048 3b81 | 3001 0000 | 750d 4883 | 8138 0100 
  0x0000020d4d8e1ae0: 0001 e94a | 0000 0048 | 83b9 2001 | 0000 0075 | 1748 8981 | 2001 0000 | 48c7 8128 | 0100 0001 
  0x0000020d4d8e1b00: 0000 00e9 | 2900 0000 | 4883 b930 | 0100 0000 | 7517 4889 | 8130 0100 | 0048 c781 | 3801 0000 
  0x0000020d4d8e1b20: 0100 0000 | e908 0000 | 0048 8381 | 1001 0000 | 018b 5b28 

  0x0000020d4d8e1b34: ; implicit exception: dispatches to 0x0000020d4d8e423e
                      ;   {metadata(method data for {method} {0x0000020d646a7598} 'serviceChanged' '(Lorg/osgi/framework/ServiceEvent;)V' in 'org/eclipse/osgi/internal/serviceregistry/FilteredServiceListener')}
  0x0000020d4d8e1b34: 8b43 0c48 | b950 b58a | 640d 0200 | 00ff 81d8 | 0100 00b9 | 0000 0000 | e940 0000 | 000f 1f80 
  0x0000020d4d8e1b54: 0000 0000 | 4c63 c946 | 8b4c 8b10 

  0x0000020d4d8e1b60: ;   {metadata(method data for {method} {0x0000020d646a7598} 'serviceChanged' '(Lorg/osgi/framework/ServiceEvent;)V' in 'org/eclipse/osgi/internal/serviceregistry/FilteredServiceListener')}
  0x0000020d4d8e1b60: 4c3b cf49 | b950 b58a | 640d 0200 | 0049 c7c3 | 0002 0000 | 7407 49c7 | c3f0 0100 | 004f 8b2c 
  0x0000020d4d8e1b80: 194d 8d6d | 014f 892c | 190f 8496 | 0000 00ff | c13b c841 | b902 0000 | 007c 0641 | b900 0000 
  0x0000020d4d8e1ba0: ;   {metadata(method data for {method} {0x0000020d646a7598} 'serviceChanged' '(Lorg/osgi/framework/ServiceEvent;)V' in 'org/eclipse/osgi/internal/serviceregistry/FilteredServiceListener')}
  0x0000020d4d8e1ba0: 0049 bb50 | b58a 640d | 0200 0045 | 8bab d000 | 0000 4503 | e945 89ab | d000 0000 | 4585 c975 
  0x0000020d4d8e1bc0: 0641 bd02 | 0000 0041 | 81e5 fe3f | 0000 4585 | ed0f 846c | 2600 004d | 8b97 5804 

  0x0000020d4d8e1bdc: ; ImmutableOopMap {rdx=Oop r8=Oop rsi=Oop rdi=Oop rbx=Oop [160]=Oop [168]=Oop }
                      ;*if_icmplt {reexecute=1 rethrow=0 return_oop=0}
                      ; - (reexecute) org.eclipse.osgi.internal.serviceregistry.FilteredServiceListener::serviceChanged@51 (line 103)
                      ;   {poll}
  0x0000020d4d8e1bdc: 0000 4185 

  0x0000020d4d8e1be0: ;   {metadata(method data for {method} {0x0000020d646a7598} 'serviceChanged' '(Lorg/osgi/framework/ServiceEvent;)V' in 'org/eclipse/osgi/internal/serviceregistry/FilteredServiceListener')}
  0x0000020d4d8e1be0: 023b c849 | b950 b58a | 640d 0200 | 0049 c7c3 | 2802 0000 | 7c07 49c7 | c338 0200 | 004f 8b2c 
  0x0000020d4d8e1c00: 194d 8d6d | 014f 892c | 190f 8c49 | ffff ff48 | 81c4 4001 

  0x0000020d4d8e1c14: ;   {poll_return}
  0x0000020d4d8e1c14: 0000 5d49 | 3ba7 5004 | 0000 0f87 | 4026 0000 

  0x0000020d4d8e1c24: ;   {metadata(method data for {method} {0x0000020d646a7598} 'serviceChanged' '(Lorg/osgi/framework/ServiceEvent;)V' in 'org/eclipse/osgi/internal/serviceregistry/FilteredServiceListener')}
  0x0000020d4d8e1c24: c348 bf50 | b58a 640d | 0200 00ff | 8710 0200 | 008b 7a18 

  0x0000020d4d8e1c38: ;   {metadata(method data for {method} {0x0000020d646a7598} 'serviceChanged' '(Lorg/osgi/framework/ServiceEvent;)V' in 'org/eclipse/osgi/internal/serviceregistry/FilteredServiceListener')}
  0x0000020d4d8e1c38: 48bb 50b5 | 8a64 0d02 | 0000 4883 | 8348 0200 | 0001 498b | d04c 8984 | 24b0 0000 | 004c 8bc7 
  0x0000020d4d8e1c58: 0f1f 8000 

  0x0000020d4d8e1c5c: ;   {static_call}
  0x0000020d4d8e1c5c: 0000 00e8 

  0x0000020d4d8e1c60: ; ImmutableOopMap {[160]=Oop [168]=Oop [176]=Oop }
                      ;*invokestatic hasListenServicePermission {reexecute=0 rethrow=0 return_oop=0}
                      ; - org.eclipse.osgi.internal.serviceregistry.FilteredServiceListener::serviceChanged@60 (line 114)
  0x0000020d4d8e1c60: fe2f 0000 

  0x0000020d4d8e1c64: ;   {other}
  0x0000020d4d8e1c64: 0f1f 8400 | 540b 0001 

  0x0000020d4d8e1c6c: ;   {metadata(method data for {method} {0x0000020d646a7598} 'serviceChanged' '(Lorg/osgi/framework/ServiceEvent;)V' in 'org/eclipse/osgi/internal/serviceregistry/FilteredServiceListener')}
  0x0000020d4d8e1c6c: 85c0 48ba | 50b5 8a64 | 0d02 0000 | 48c7 c668 | 0200 0074 | 0748 c7c6 | 5802 0000 | 488b 3c32 
  0x0000020d4d8e1c8c: 488d 7f01 | 4889 3c32 | 0f84 ce24 | 0000 488b | 9424 a000 | 0000 8b72 | 200f be76 

  0x0000020d4d8e1ca8: ;   {metadata(method data for {method} {0x0000020d646a7598} 'serviceChanged' '(Lorg/osgi/framework/ServiceEvent;)V' in 'org/eclipse/osgi/internal/serviceregistry/FilteredServiceListener')}
  0x0000020d4d8e1ca8: 1385 f648 | be50 b58a | 640d 0200 | 0048 c7c7 | 7802 0000 | 7407 48c7 | c788 0200 | 0048 8b04 
  0x0000020d4d8e1cc8: 3e48 8d40 | 0148 8904 | 3e0f 84cd | 1500 0048 | 8bda 660f | 1f44 0000 

  0x0000020d4d8e1ce0: ;   {no_reloc}
  0x0000020d4d8e1ce0: e9a9 2500 | 0000 0000 | 0000 498b | 87b8 0100 | 0048 8d78 | 1849 3bbf | c801 0000 | 0f87 9625 
  0x0000020d4d8e1d00: 0000 4989 | bfb8 0100 | 0048 c700 | 0100 0000 | 488b ca49 | ba00 0000 | 000d 0200 | 0049 2bca 
  0x0000020d4d8e1d20: 8948 0848 | 33c9 8948 | 0c48 33c9 | 4889 4810 | 4889 8424 | b800 0000 

  0x0000020d4d8e1d38: ;   {metadata(method data for {method} {0x0000020d646a7598} 'serviceChanged' '(Lorg/osgi/framework/ServiceEvent;)V' in 'org/eclipse/osgi/internal/serviceregistry/FilteredServiceListener')}
  0x0000020d4d8e1d38: 488b d348 | be50 b58a | 640d 0200 | 0048 8386 | 9802 0000 | 018b 5308 | 49ba 0000 | 0000 0d02 
  0x0000020d4d8e1d58: 0000 4903 | d248 8b52 | 7048 8b12 

  0x0000020d4d8e1d64: ; implicit exception: dispatches to 0x0000020d4d8e42a5
  0x0000020d4d8e1d64: 483b 0248 

  0x0000020d4d8e1d68: ;   {metadata(method data for {method} {0x0000020d646a7598} 'serviceChanged' '(Lorg/osgi/framework/ServiceEvent;)V' in 'org/eclipse/osgi/internal/serviceregistry/FilteredServiceListener')}
  0x0000020d4d8e1d68: 8bf2 48bf | 50b5 8a64 | 0d02 0000 | 4883 87d0 | 0200 0001 

  0x0000020d4d8e1d7c: ;   {metadata(method data for {method} {0x0000020d00469ad8} 'getName' '()Ljava/lang/String;' in 'java/lang/Class')}
  0x0000020d4d8e1d7c: 48be 1082 | 0564 0d02 | 0000 8bbe | cc00 0000 | 83c7 0289 | becc 0000 | 0081 e7fe | ff1f 0085 
  0x0000020d4d8e1d9c: ff0f 8407 | 2500 008b | 722c 4885 

  0x0000020d4d8e1da8: ;   {metadata(method data for {method} {0x0000020d00469ad8} 'getName' '()Ljava/lang/String;' in 'java/lang/Class')}
  0x0000020d4d8e1da8: f648 bf10 | 8205 640d | 0200 0048 | c7c1 1001 | 0000 7407 | 48c7 c120 | 0100 004c | 8b04 0f4d 
  0x0000020d4d8e1dc8: 8d40 014c | 8904 0f0f | 8415 0000 

  0x0000020d4d8e1dd4: ;   {metadata(method data for {method} {0x0000020d00469ad8} 'getName' '()Ljava/lang/String;' in 'java/lang/Class')}
  0x0000020d4d8e1dd4: 0048 ba10 | 8205 640d | 0200 00ff | 8230 0100 | 00e9 2500 | 0000 488b 

  0x0000020d4d8e1dec: ;   {metadata(method data for {method} {0x0000020d00469ad8} 'getName' '()Ljava/lang/String;' in 'java/lang/Class')}
  0x0000020d4d8e1dec: fa48 bb10 | 8205 640d | 0200 0048 | 8383 4801 

  0x0000020d4d8e1dfc: ;   {optimized virtual_call}
  0x0000020d4d8e1dfc: 0000 01e8 

  0x0000020d4d8e1e00: ; ImmutableOopMap {[160]=Oop [168]=Oop [176]=Oop [184]=Oop }
                      ;*invokevirtual initClassName {reexecute=0 rethrow=0 return_oop=0}
                      ; - java.lang.Class::getName@14
                      ; - org.eclipse.osgi.internal.serviceregistry.FilteredServiceListener::serviceChanged@85 (line 118)
  0x0000020d4d8e1e00: 7cc9 f806 

  0x0000020d4d8e1e04: ;   {other}
  0x0000020d4d8e1e04: 0f1f 8400 | f40c 0002 

  0x0000020d4d8e1e0c: ;   {metadata(method data for {method} {0x0000020d646a7598} 'serviceChanged' '(Lorg/osgi/framework/ServiceEvent;)V' in 'org/eclipse/osgi/internal/serviceregistry/FilteredServiceListener')}
  0x0000020d4d8e1e0c: 488b f048 | ba50 b58a | 640d 0200 | 0048 8382 | 0803 0000 

  0x0000020d4d8e1e20: ;   {metadata(method data for {method} {0x0000020d00455280} 'valueOf' '(Ljava/lang/Object;)Ljava/lang/String;' in 'java/lang/String')}
  0x0000020d4d8e1e20: 0148 bab8 | 8609 640d | 0200 008b | bacc 0000 | 0083 c702 | 89ba cc00 | 0000 81e7 | feff 1f00 
  0x0000020d4d8e1e40: 85ff 0f84 | 8324 0000 

  0x0000020d4d8e1e48: ;   {metadata(method data for {method} {0x0000020d00455280} 'valueOf' '(Ljava/lang/Object;)Ljava/lang/String;' in 'java/lang/String')}
  0x0000020d4d8e1e48: 4885 f648 | bab8 8609 | 640d 0200 | 0048 c7c7 | 1001 0000 | 7507 48c7 | c720 0100 | 0048 8b1c 
  0x0000020d4d8e1e68: 3a48 8d5b | 0148 891c | 3a0f 851f 

  0x0000020d4d8e1e74: ;   {metadata(method data for {method} {0x0000020d00455280} 'valueOf' '(Ljava/lang/Object;)Ljava/lang/String;' in 'java/lang/String')}
  0x0000020d4d8e1e74: 0000 0048 | bab8 8609 | 640d 0200 | 00ff 8230 

  0x0000020d4d8e1e84: ;   {oop("null"{0x0000000080000b68})}
  0x0000020d4d8e1e84: 0100 0048 | be68 0b00 | 8000 0000 | 00e9 b900 | 0000 483b | 0648 8bd6 

  0x0000020d4d8e1e9c: ;   {metadata(method data for {method} {0x0000020d00455280} 'valueOf' '(Ljava/lang/Object;)Ljava/lang/String;' in 'java/lang/String')}
  0x0000020d4d8e1e9c: 48bf b886 | 0964 0d02 | 0000 8b52 | 0849 ba00 | 0000 000d | 0200 0049 | 03d2 483b | 9758 0100 
  0x0000020d4d8e1ebc: 0075 0d48 | 8387 6001 | 0000 01e9 | 6000 0000 | 483b 9768 | 0100 0075 | 0d48 8387 | 7001 0000 
  0x0000020d4d8e1edc: 01e9 4a00 | 0000 4883 | bf58 0100 | 0000 7517 | 4889 9758 | 0100 0048 | c787 6001 | 0000 0100 
  0x0000020d4d8e1efc: 0000 e929 | 0000 0048 | 83bf 6801 | 0000 0075 | 1748 8997 | 6801 0000 | 48c7 8770 | 0100 0001 
  0x0000020d4d8e1f1c: 0000 00e9 | 0800 0000 | 4883 8748 | 0100 0001 | 488b d666 | 0f1f 4400 | 0048 b8ff | ffff ffff 
  0x0000020d4d8e1f3c: ;   {virtual_call}
  0x0000020d4d8e1f3c: ffff ffe8 

  0x0000020d4d8e1f40: ; ImmutableOopMap {[160]=Oop [168]=Oop [176]=Oop [184]=Oop }
                      ;*invokevirtual toString {reexecute=0 rethrow=0 return_oop=0}
                      ; - java.lang.String::valueOf@11
                      ; - org.eclipse.osgi.internal.serviceregistry.FilteredServiceListener::serviceChanged@88 (line 118)
  0x0000020d4d8e1f40: 3ccb f806 

  0x0000020d4d8e1f44: ;   {other}
  0x0000020d4d8e1f44: 0f1f 8400 | 340e 0003 | 488b f048 | 8b84 24b8 | 0000 004c 

  0x0000020d4d8e1f58: ;   {metadata(method data for {method} {0x0000020d646a7598} 'serviceChanged' '(Lorg/osgi/framework/ServiceEvent;)V' in 'org/eclipse/osgi/internal/serviceregistry/FilteredServiceListener')}
  0x0000020d4d8e1f58: 8bc0 48bf | 50b5 8a64 | 0d02 0000 | 4883 8718 | 0300 0001 

  0x0000020d4d8e1f6c: ;   {metadata(method data for {method} {0x0000020d00461da8} '<init>' '(Ljava/lang/String;)V' in 'java/lang/StringBuilder')}
  0x0000020d4d8e1f6c: 49b8 58f0 | 3064 0d02 | 0000 418b | b8cc 0000 | 0083 c702 | 4189 b8cc | 0000 0081 | e7fe ff1f 
  0x0000020d4d8e1f8c: 0085 ff0f | 845c 2300 | 004c 8bc0 

  0x0000020d4d8e1f98: ;   {metadata(method data for {method} {0x0000020d00461da8} '<init>' '(Ljava/lang/String;)V' in 'java/lang/StringBuilder')}
  0x0000020d4d8e1f98: 48bf 58f0 | 3064 0d02 | 0000 4883 | 8710 0100 | 0001 4c8b | c648 8bd0 | 0f1f 8000 

  0x0000020d4d8e1fb4: ;   {optimized virtual_call}
  0x0000020d4d8e1fb4: 0000 00e8 

  0x0000020d4d8e1fb8: ; ImmutableOopMap {[160]=Oop [168]=Oop [176]=Oop [184]=Oop }
                      ;*invokespecial <init> {reexecute=0 rethrow=0 return_oop=0}
                      ; - java.lang.StringBuilder::<init>@2
                      ; - org.eclipse.osgi.internal.serviceregistry.FilteredServiceListener::serviceChanged@91 (line 118)
  0x0000020d4d8e1fb8: c4c7 f806 

  0x0000020d4d8e1fbc: ;   {other}
  0x0000020d4d8e1fbc: 0f1f 8400 | ac0e 0004 | 488b 8424 | b800 0000 

  0x0000020d4d8e1fcc: ;   {metadata(method data for {method} {0x0000020d646a7598} 'serviceChanged' '(Lorg/osgi/framework/ServiceEvent;)V' in 'org/eclipse/osgi/internal/serviceregistry/FilteredServiceListener')}
  0x0000020d4d8e1fcc: 49b8 50b5 | 8a64 0d02 | 0000 4983 | 8028 0300 

  0x0000020d4d8e1fdc: ;   {metadata(method data for {method} {0x0000020d00461ae8} 'append' '(Ljava/lang/String;)Ljava/lang/StringBuilder;' in 'java/lang/StringBuilder')}
  0x0000020d4d8e1fdc: 0001 49b8 | 50b3 0064 | 0d02 0000 | 418b 90cc | 0000 0083 | c202 4189 | 90cc 0000 | 0081 e2fe 
  0x0000020d4d8e1ffc: ff1f 0085 | d20f 840b | 2300 0048 | 8b84 24b8 

  0x0000020d4d8e200c: ;   {metadata(method data for {method} {0x0000020d00461ae8} 'append' '(Ljava/lang/String;)Ljava/lang/StringBuilder;' in 'java/lang/StringBuilder')}
  0x0000020d4d8e200c: 0000 0049 | b850 b300 | 640d 0200 | 0049 8380 | 1001 0000 

  0x0000020d4d8e2020: ;   {oop("@"{0x0000000080006cd0})}
  0x0000020d4d8e2020: 0149 b8d0 | 6c00 8000 | 0000 0048 | 8b94 24b8 | 0000 000f 

  0x0000020d4d8e2034: ;   {optimized virtual_call}
  0x0000020d4d8e2034: 1f40 00e8 

  0x0000020d4d8e2038: ; ImmutableOopMap {[160]=Oop [168]=Oop [176]=Oop [184]=Oop }
                      ;*invokespecial append {reexecute=0 rethrow=0 return_oop=0}
                      ; - java.lang.StringBuilder::append@2
                      ; - org.eclipse.osgi.internal.serviceregistry.FilteredServiceListener::serviceChanged@96 (line 118)
  0x0000020d4d8e2038: 44c7 f806 

  0x0000020d4d8e203c: ;   {other}
  0x0000020d4d8e203c: 0f1f 8400 | 2c0f 0005 

  0x0000020d4d8e2044: ;   {metadata(method data for {method} {0x0000020d646a7598} 'serviceChanged' '(Lorg/osgi/framework/ServiceEvent;)V' in 'org/eclipse/osgi/internal/serviceregistry/FilteredServiceListener')}
  0x0000020d4d8e2044: 48ba 50b5 | 8a64 0d02 | 0000 4883 | 8260 0300 | 0001 488b | 9424 a000 

  0x0000020d4d8e205c: ;   {static_call}
  0x0000020d4d8e205c: 0000 90e8 

  0x0000020d4d8e2060: ; ImmutableOopMap {[160]=Oop [168]=Oop [176]=Oop [184]=Oop }
                      ;*invokestatic identityHashCode {reexecute=0 rethrow=0 return_oop=0}
                      ; - org.eclipse.osgi.internal.serviceregistry.FilteredServiceListener::serviceChanged@100 (line 118)
  0x0000020d4d8e2060: 1ccd f806 

  0x0000020d4d8e2064: ;   {other}
  0x0000020d4d8e2064: 0f1f 8400 | 540f 0006 

  0x0000020d4d8e206c: ;   {metadata(method data for {method} {0x0000020d646a7598} 'serviceChanged' '(Lorg/osgi/framework/ServiceEvent;)V' in 'org/eclipse/osgi/internal/serviceregistry/FilteredServiceListener')}
  0x0000020d4d8e206c: 48ba 50b5 | 8a64 0d02 | 0000 4883 | 8270 0300 

  0x0000020d4d8e207c: ;   {metadata(method data for {method} {0x0000020d00416620} 'toHexString' '(I)Ljava/lang/String;' in 'java/lang/Integer')}
  0x0000020d4d8e207c: 0001 48ba | c059 3064 | 0d02 0000 | 448b 82cc | 0000 0041 | 83c0 0244 | 8982 cc00 | 0000 4181 
  0x0000020d4d8e209c: e0fe ff1f | 0045 85c0 | 0f84 8922 

  0x0000020d4d8e20a8: ;   {metadata(method data for {method} {0x0000020d00416620} 'toHexString' '(I)Ljava/lang/String;' in 'java/lang/Integer')}
  0x0000020d4d8e20a8: 0000 48ba | c059 3064 | 0d02 0000 | 4883 8210 | 0100 0001 | 488b d041 | b804 0000 

  0x0000020d4d8e20c4: ;   {static_call}
  0x0000020d4d8e20c4: 0066 90e8 

  0x0000020d4d8e20c8: ; ImmutableOopMap {[160]=Oop [168]=Oop [176]=Oop [184]=Oop }
                      ;*invokestatic toUnsignedString0 {reexecute=0 rethrow=0 return_oop=0}
                      ; - java.lang.Integer::toHexString@2
                      ; - org.eclipse.osgi.internal.serviceregistry.FilteredServiceListener::serviceChanged@103 (line 118)
  0x0000020d4d8e20c8: b4cc f806 

  0x0000020d4d8e20cc: ;   {other}
  0x0000020d4d8e20cc: 0f1f 8400 | bc0f 0007 | 4c8b 8424 | b800 0000 

  0x0000020d4d8e20dc: ;   {metadata(method data for {method} {0x0000020d646a7598} 'serviceChanged' '(Lorg/osgi/framework/ServiceEvent;)V' in 'org/eclipse/osgi/internal/serviceregistry/FilteredServiceListener')}
  0x0000020d4d8e20dc: 48ba 50b5 | 8a64 0d02 | 0000 4883 | 8280 0300 

  0x0000020d4d8e20ec: ;   {metadata(method data for {method} {0x0000020d00461ae8} 'append' '(Ljava/lang/String;)Ljava/lang/StringBuilder;' in 'java/lang/StringBuilder')}
  0x0000020d4d8e20ec: 0001 49b8 | 50b3 0064 | 0d02 0000 | 418b 90cc | 0000 0083 | c202 4189 | 90cc 0000 | 0081 e2fe 
  0x0000020d4d8e210c: ff1f 0085 | d20f 843d | 2200 004c | 8b84 24b8 

  0x0000020d4d8e211c: ;   {metadata(method data for {method} {0x0000020d00461ae8} 'append' '(Ljava/lang/String;)Ljava/lang/StringBuilder;' in 'java/lang/StringBuilder')}
  0x0000020d4d8e211c: 0000 0048 | ba50 b300 | 640d 0200 | 0048 8382 | 1001 0000 | 014c 8bc0 | 488b 9424 | b800 0000 
  0x0000020d4d8e213c: ;   {optimized virtual_call}
  0x0000020d4d8e213c: 6666 90e8 

  0x0000020d4d8e2140: ; ImmutableOopMap {[160]=Oop [168]=Oop [176]=Oop [184]=Oop }
                      ;*invokespecial append {reexecute=0 rethrow=0 return_oop=0}
                      ; - java.lang.StringBuilder::append@2
                      ; - org.eclipse.osgi.internal.serviceregistry.FilteredServiceListener::serviceChanged@106 (line 118)
  0x0000020d4d8e2140: 3cc6 f806 

  0x0000020d4d8e2144: ;   {other}
  0x0000020d4d8e2144: 0f1f 8400 | 3410 0008 | 488b 8424 | b800 0000 

  0x0000020d4d8e2154: ;   {metadata(method data for {method} {0x0000020d646a7598} 'serviceChanged' '(Lorg/osgi/framework/ServiceEvent;)V' in 'org/eclipse/osgi/internal/serviceregistry/FilteredServiceListener')}
  0x0000020d4d8e2154: 48ba 50b5 | 8a64 0d02 | 0000 4883 | 82b8 0300 

  0x0000020d4d8e2164: ;   {metadata(method data for {method} {0x0000020d00008958} 'toString' '()Ljava/lang/String;' in 'java/lang/StringBuilder')}
  0x0000020d4d8e2164: 0001 48ba | d8ba 0064 | 0d02 0000 | 8bb2 cc00 | 0000 83c6 | 0289 b2cc | 0000 0081 | e6fe ff1f 
  0x0000020d4d8e2184: 0085 f60f | 84e8 2100 

  0x0000020d4d8e218c: ;   {metadata('java/lang/String')}
  0x0000020d4d8e218c: 0048 ba78 | e800 000d | 0200 0049 | 8b87 b801 | 0000 488d | 7818 493b | bfc8 0100 | 000f 87e7 
  0x0000020d4d8e21ac: 2100 0049 | 89bf b801 | 0000 48c7 | 0001 0000 | 0048 8bca | 49ba 0000 | 0000 0d02 | 0000 492b 
  0x0000020d4d8e21cc: ca89 4808 | 4833 c989 | 480c 4833 | c948 8948 | 104c 8bc0 

  0x0000020d4d8e21e0: ;   {metadata(method data for {method} {0x0000020d00008958} 'toString' '()Ljava/lang/String;' in 'java/lang/StringBuilder')}
  0x0000020d4d8e21e0: 49b9 d8ba | 0064 0d02 | 0000 4983 | 8110 0100 

  0x0000020d4d8e21f0: ;   {metadata(method data for {method} {0x0000020d00455dd8} '<init>' '(Ljava/lang/StringBuilder;)V' in 'java/lang/String')}
  0x0000020d4d8e21f0: 0001 49b8 | 20bc 0064 | 0d02 0000 | 458b 88cc | 0000 0041 | 83c1 0245 | 8988 cc00 | 0000 4181 
  0x0000020d4d8e2210: e1fe ff1f | 0045 85c9 | 0f84 8521 | 0000 4c8b 

  0x0000020d4d8e2220: ;   {metadata(method data for {method} {0x0000020d00455dd8} '<init>' '(Ljava/lang/StringBuilder;)V' in 'java/lang/String')}
  0x0000020d4d8e2220: c049 b920 | bc00 640d | 0200 0049 | 8381 1001 | 0000 014c | 8b84 24b8 

  0x0000020d4d8e2238: ;   {oop(nullptr)}
  0x0000020d4d8e2238: 0000 0049 | b900 0000 | 0000 0000 | 0048 8bd0 | 4889 8424 | c000 0000 | 0f1f 8000 

  0x0000020d4d8e2254: ;   {optimized virtual_call}
  0x0000020d4d8e2254: 0000 00e8 

  0x0000020d4d8e2258: ; ImmutableOopMap {[160]=Oop [168]=Oop [176]=Oop [192]=Oop }
                      ;*invokespecial <init> {reexecute=0 rethrow=0 return_oop=0}
                      ; - java.lang.String::<init>@3
                      ; - java.lang.StringBuilder::toString@5
                      ; - org.eclipse.osgi.internal.serviceregistry.FilteredServiceListener::serviceChanged@109 (line 118)
  0x0000020d4d8e2258: 24c5 f806 

  0x0000020d4d8e225c: ;   {other}
  0x0000020d4d8e225c: 0f1f 8400 | 4c11 0009 | 488b 9424 | a000 0000 | 8b5a 2048 | 899c 24d0 | 0000 0090 

  0x0000020d4d8e2278: ;   {no_reloc}
  0x0000020d4d8e2278: e956 2100 | 0000 0000 | 0000 498b | 87b8 0100 | 0048 8d78 | 1849 3bbf | c801 0000 | 0f87 4321 
  0x0000020d4d8e2298: 0000 4989 | bfb8 0100 | 0048 c700 | 0100 0000 | 488b ca49 | ba00 0000 | 000d 0200 | 0049 2bca 
  0x0000020d4d8e22b8: 8948 0848 | 33c9 8948 | 0c48 33c9 | 4889 4810 | 4889 8424 | c800 0000 

  0x0000020d4d8e22d0: ;   {metadata(method data for {method} {0x0000020d646a7598} 'serviceChanged' '(Lorg/osgi/framework/ServiceEvent;)V' in 'org/eclipse/osgi/internal/serviceregistry/FilteredServiceListener')}
  0x0000020d4d8e22d0: 4c8b c048 | ba50 b58a | 640d 0200 | 0048 8382 | f003 0000 

  0x0000020d4d8e22e4: ;   {metadata(method data for {method} {0x0000020d00461da8} '<init>' '(Ljava/lang/String;)V' in 'java/lang/StringBuilder')}
  0x0000020d4d8e22e4: 0149 b858 | f030 640d | 0200 0041 | 8b90 cc00 | 0000 83c2 | 0241 8990 | cc00 0000 | 81e2 feff 
  0x0000020d4d8e2304: 1f00 85d2 | 0f84 dc20 | 0000 4c8b 

  0x0000020d4d8e2310: ;   {metadata(method data for {method} {0x0000020d00461da8} '<init>' '(Ljava/lang/String;)V' in 'java/lang/StringBuilder')}
  0x0000020d4d8e2310: c048 ba58 | f030 640d | 0200 0048 | 8382 1001 

  0x0000020d4d8e2320: ;   {oop("filterServiceEvent("{0x0000000080624430})}
  0x0000020d4d8e2320: 0000 0149 | b830 4462 | 8000 0000 | 0048 8bd0 | 0f1f 8000 

  0x0000020d4d8e2334: ;   {optimized virtual_call}
  0x0000020d4d8e2334: 0000 00e8 

  0x0000020d4d8e2338: ; ImmutableOopMap {[160]=Oop [168]=Oop [176]=Oop [192]=Oop [200]=Oop [208]=Oop }
                      ;*invokespecial <init> {reexecute=0 rethrow=0 return_oop=0}
                      ; - java.lang.StringBuilder::<init>@2
                      ; - org.eclipse.osgi.internal.serviceregistry.FilteredServiceListener::serviceChanged@125 (line 119)
  0x0000020d4d8e2338: 44c4 f806 

  0x0000020d4d8e233c: ;   {other}
  0x0000020d4d8e233c: 0f1f 8400 | 2c12 000a | 488b 8424 | c800 0000 

  0x0000020d4d8e234c: ;   {metadata(method data for {method} {0x0000020d646a7598} 'serviceChanged' '(Lorg/osgi/framework/ServiceEvent;)V' in 'org/eclipse/osgi/internal/serviceregistry/FilteredServiceListener')}
  0x0000020d4d8e234c: 49b8 50b5 | 8a64 0d02 | 0000 4983 | 8000 0400 

  0x0000020d4d8e235c: ;   {metadata(method data for {method} {0x0000020d00461ae8} 'append' '(Ljava/lang/String;)Ljava/lang/StringBuilder;' in 'java/lang/StringBuilder')}
  0x0000020d4d8e235c: 0001 49b8 | 50b3 0064 | 0d02 0000 | 418b 90cc | 0000 0083 | c202 4189 | 90cc 0000 | 0081 e2fe 
  0x0000020d4d8e237c: ff1f 0085 | d20f 8484 | 2000 0048 | 8b84 24c8 

  0x0000020d4d8e238c: ;   {metadata(method data for {method} {0x0000020d00461ae8} 'append' '(Ljava/lang/String;)Ljava/lang/StringBuilder;' in 'java/lang/StringBuilder')}
  0x0000020d4d8e238c: 0000 0049 | b850 b300 | 640d 0200 | 0049 8380 | 1001 0000 | 014c 8b84 | 24c0 0000 | 0048 8b94 
  0x0000020d4d8e23ac: 24c8 0000 | 0066 0f1f 

  0x0000020d4d8e23b4: ;   {optimized virtual_call}
  0x0000020d4d8e23b4: 4400 00e8 

  0x0000020d4d8e23b8: ; ImmutableOopMap {[160]=Oop [168]=Oop [176]=Oop [200]=Oop [208]=Oop }
                      ;*invokespecial append {reexecute=0 rethrow=0 return_oop=0}
                      ; - java.lang.StringBuilder::append@2
                      ; - org.eclipse.osgi.internal.serviceregistry.FilteredServiceListener::serviceChanged@129 (line 119)
  0x0000020d4d8e23b8: c4c3 f806 

  0x0000020d4d8e23bc: ;   {other}
  0x0000020d4d8e23bc: 0f1f 8400 | ac12 000b | 488b 8424 | c800 0000 

  0x0000020d4d8e23cc: ;   {metadata(method data for {method} {0x0000020d646a7598} 'serviceChanged' '(Lorg/osgi/framework/ServiceEvent;)V' in 'org/eclipse/osgi/internal/serviceregistry/FilteredServiceListener')}
  0x0000020d4d8e23cc: 49b8 50b5 | 8a64 0d02 | 0000 4983 | 8038 0400 

  0x0000020d4d8e23dc: ;   {metadata(method data for {method} {0x0000020d00461ae8} 'append' '(Ljava/lang/String;)Ljava/lang/StringBuilder;' in 'java/lang/StringBuilder')}
  0x0000020d4d8e23dc: 0001 49b8 | 50b3 0064 | 0d02 0000 | 418b 90cc | 0000 0083 | c202 4189 | 90cc 0000 | 0081 e2fe 
  0x0000020d4d8e23fc: ff1f 0085 | d20f 8425 | 2000 0048 | 8b84 24c8 

  0x0000020d4d8e240c: ;   {metadata(method data for {method} {0x0000020d00461ae8} 'append' '(Ljava/lang/String;)Ljava/lang/StringBuilder;' in 'java/lang/StringBuilder')}
  0x0000020d4d8e240c: 0000 0049 | b850 b300 | 640d 0200 | 0049 8380 | 1001 0000 

  0x0000020d4d8e2420: ;   {oop(", ""{0x0000000080624400})}
  0x0000020d4d8e2420: 0149 b800 | 4462 8000 | 0000 0048 | 8b94 24c8 | 0000 000f 

  0x0000020d4d8e2434: ;   {optimized virtual_call}
  0x0000020d4d8e2434: 1f40 00e8 

  0x0000020d4d8e2438: ; ImmutableOopMap {[160]=Oop [168]=Oop [176]=Oop [200]=Oop [208]=Oop }
                      ;*invokespecial append {reexecute=0 rethrow=0 return_oop=0}
                      ; - java.lang.StringBuilder::append@2
                      ; - org.eclipse.osgi.internal.serviceregistry.FilteredServiceListener::serviceChanged@134 (line 119)
  0x0000020d4d8e2438: 44c3 f806 

  0x0000020d4d8e243c: ;   {other}
  0x0000020d4d8e243c: 0f1f 8400 | 2c13 000c | 488b 9424 | a000 0000 

  0x0000020d4d8e244c: ;   {metadata(method data for {method} {0x0000020d646a7598} 'serviceChanged' '(Lorg/osgi/framework/ServiceEvent;)V' in 'org/eclipse/osgi/internal/serviceregistry/FilteredServiceListener')}
  0x0000020d4d8e244c: 48be 50b5 | 8a64 0d02 

  0x0000020d4d8e2454: ;   {metadata('org/eclipse/osgi/internal/serviceregistry/FilteredServiceListener')}
  0x0000020d4d8e2454: 0000 49ba | 40d6 0b01 | 0d02 0000 | 4c89 9680 | 0400 0048 | 8386 8804 

  0x0000020d4d8e246c: ;   {metadata(method data for {method} {0x0000020d646a79b0} 'getFilter' '()Ljava/lang/String;' in 'org/eclipse/osgi/internal/serviceregistry/FilteredServiceListener')}
  0x0000020d4d8e246c: 0000 0148 | ba28 478c | 640d 0200 | 008b b2cc | 0000 0083 | c602 89b2 | cc00 0000 | 81e6 feff 
  0x0000020d4d8e248c: 1f00 85f6 | 0f84 b71f | 0000 488b | 9424 a000 | 0000 8b72 | 1048 85f6 

  0x0000020d4d8e24a4: ;   {metadata(method data for {method} {0x0000020d646a79b0} 'getFilter' '()Ljava/lang/String;' in 'org/eclipse/osgi/internal/serviceregistry/FilteredServiceListener')}
  0x0000020d4d8e24a4: 48bf 2847 | 8c64 0d02 | 0000 48c7 | c310 0100 | 0074 0748 | c7c3 2001 | 0000 488b | 041f 488d 
  0x0000020d4d8e24c4: 4001 4889 | 041f 0f84 | b100 0000 

  0x0000020d4d8e24d0: ; implicit exception: dispatches to 0x0000020d4d8e446e
  0x0000020d4d8e24d0: 483b 0648 

  0x0000020d4d8e24d4: ;   {metadata(method data for {method} {0x0000020d646a79b0} 'getFilter' '()Ljava/lang/String;' in 'org/eclipse/osgi/internal/serviceregistry/FilteredServiceListener')}
  0x0000020d4d8e24d4: 8bfe 48bb | 2847 8c64 | 0d02 0000 | 8b7f 0849 | ba00 0000 | 000d 0200 | 0049 03fa | 483b bb40 
  0x0000020d4d8e24f4: 0100 0075 | 0d48 8383 | 4801 0000 | 01e9 6000 | 0000 483b | bb50 0100 | 0075 0d48 | 8383 5801 
  0x0000020d4d8e2514: 0000 01e9 | 4a00 0000 | 4883 bb40 | 0100 0000 | 7517 4889 | bb40 0100 | 0048 c783 | 4801 0000 
  0x0000020d4d8e2534: 0100 0000 | e929 0000 | 0048 83bb | 5001 0000 | 0075 1748 | 89bb 5001 | 0000 48c7 | 8358 0100 
  0x0000020d4d8e2554: 0001 0000 | 00e9 0800 | 0000 4883 | 8330 0100 | 0001 488b | d666 0f1f 

  0x0000020d4d8e256c: ;   {optimized virtual_call}
  0x0000020d4d8e256c: 4400 00e8 

  0x0000020d4d8e2570: ; ImmutableOopMap {[160]=Oop [168]=Oop [176]=Oop [200]=Oop [208]=Oop }
                      ;*invokevirtual toString {reexecute=0 rethrow=0 return_oop=0}
                      ; - org.eclipse.osgi.internal.serviceregistry.FilteredServiceListener::getFilter@11 (line 203)
                      ; - org.eclipse.osgi.internal.serviceregistry.FilteredServiceListener::serviceChanged@138 (line 119)
  0x0000020d4d8e2570: 0cc2 f806 

  0x0000020d4d8e2574: ;   {other}
  0x0000020d4d8e2574: 0f1f 8400 | 6414 000d | e976 0300 | 008b 5a1c 

  0x0000020d4d8e2584: ;   {metadata(method data for {method} {0x0000020d646a79b0} 'getFilter' '()Ljava/lang/String;' in 'org/eclipse/osgi/internal/serviceregistry/FilteredServiceListener')}
  0x0000020d4d8e2584: 48be 2847 | 8c64 0d02 | 0000 4883 | 8668 0100 

  0x0000020d4d8e2594: ;   {metadata(method data for {method} {0x0000020d646a7be0} 'getObjectClassFilterString' '(Ljava/lang/String;)Ljava/lang/String;' in 'org/eclipse/osgi/internal/serviceregistry/FilteredServiceListener')}
  0x0000020d4d8e2594: 0001 48be | d04a 8c64 | 0d02 0000 | 8bbe cc00 | 0000 83c7 | 0289 becc | 0000 0081 | e7fe ff1f 
  0x0000020d4d8e25b4: 0085 ff0f | 84b6 1e00 | 0048 85db 

  0x0000020d4d8e25c0: ;   {metadata(method data for {method} {0x0000020d646a7be0} 'getObjectClassFilterString' '(Ljava/lang/String;)Ljava/lang/String;' in 'org/eclipse/osgi/internal/serviceregistry/FilteredServiceListener')}
  0x0000020d4d8e25c0: 48be d04a | 8c64 0d02 | 0000 48c7 | c710 0100 | 0075 0748 | c7c7 2001 | 0000 488b | 043e 488d 
  0x0000020d4d8e25e0: 4001 4889 | 043e 0f85 | 0f00 0000 

  0x0000020d4d8e25ec: ;   {oop(nullptr)}
  0x0000020d4d8e25ec: 48be 0000 | 0000 0000 | 0000 e9f9 | 0200 0048 | 899c 24e0 | 0000 000f | 1f44 0000 

  0x0000020d4d8e2608: ;   {no_reloc}
  0x0000020d4d8e2608: e996 1e00 | 0000 0000 | 0000 498b | 87b8 0100 | 0048 8d78 | 1849 3bbf | c801 0000 | 0f87 831e 
  0x0000020d4d8e2628: 0000 4989 | bfb8 0100 | 0048 c700 | 0100 0000 | 488b ca49 | ba00 0000 | 000d 0200 | 0049 2bca 
  0x0000020d4d8e2648: 8948 0848 | 33c9 8948 | 0c48 33c9 | 4889 4810 

  0x0000020d4d8e2658: ;   {metadata(method data for {method} {0x0000020d646a7be0} 'getObjectClassFilterString' '(Ljava/lang/String;)Ljava/lang/String;' in 'org/eclipse/osgi/internal/serviceregistry/FilteredServiceListener')}
  0x0000020d4d8e2658: 4c8b c048 | bad0 4a8c | 640d 0200 | 0048 8382 | 3001 0000 

  0x0000020d4d8e266c: ;   {metadata(method data for {method} {0x0000020d00461da8} '<init>' '(Ljava/lang/String;)V' in 'java/lang/StringBuilder')}
  0x0000020d4d8e266c: 0149 b858 | f030 640d | 0200 0041 | 8b90 cc00 | 0000 83c2 | 0241 8990 | cc00 0000 | 81e2 feff 
  0x0000020d4d8e268c: 1f00 85d2 | 0f84 241e | 0000 4c8b 

  0x0000020d4d8e2698: ;   {metadata(method data for {method} {0x0000020d00461da8} '<init>' '(Ljava/lang/String;)V' in 'java/lang/StringBuilder')}
  0x0000020d4d8e2698: c048 ba58 | f030 640d | 0200 0048 | 8382 1001 

  0x0000020d4d8e26a8: ;   {oop("(objectClass="{0x0000000080384338})}
  0x0000020d4d8e26a8: 0000 0149 | b838 4338 | 8000 0000 | 0048 8bd0 | 4889 8424 | d800 0000 | 0f1f 8000 

  0x0000020d4d8e26c4: ;   {optimized virtual_call}
  0x0000020d4d8e26c4: 0000 00e8 

  0x0000020d4d8e26c8: ; ImmutableOopMap {[160]=Oop [168]=Oop [176]=Oop [200]=Oop [208]=Oop [216]=Oop [224]=Oop }
                      ;*invokespecial <init> {reexecute=0 rethrow=0 return_oop=0}
                      ; - java.lang.StringBuilder::<init>@2
                      ; - org.eclipse.osgi.internal.serviceregistry.FilteredServiceListener::getObjectClassFilterString@13 (line 239)
                      ; - org.eclipse.osgi.internal.serviceregistry.FilteredServiceListener::getFilter@19 (line 205)
                      ; - org.eclipse.osgi.internal.serviceregistry.FilteredServiceListener::serviceChanged@138 (line 119)
  0x0000020d4d8e26c8: b4c0 f806 

  0x0000020d4d8e26cc: ;   {other}
  0x0000020d4d8e26cc: 0f1f 8400 | bc15 000e | 488b 8424 | d800 0000 

  0x0000020d4d8e26dc: ;   {metadata(method data for {method} {0x0000020d646a7be0} 'getObjectClassFilterString' '(Ljava/lang/String;)Ljava/lang/String;' in 'org/eclipse/osgi/internal/serviceregistry/FilteredServiceListener')}
  0x0000020d4d8e26dc: 49b8 d04a | 8c64 0d02 | 0000 4983 | 8040 0100 

  0x0000020d4d8e26ec: ;   {metadata(method data for {method} {0x0000020d00461ae8} 'append' '(Ljava/lang/String;)Ljava/lang/StringBuilder;' in 'java/lang/StringBuilder')}
  0x0000020d4d8e26ec: 0001 49b8 | 50b3 0064 | 0d02 0000 | 418b 90cc | 0000 0083 | c202 4189 | 90cc 0000 | 0081 e2fe 
  0x0000020d4d8e270c: ff1f 0085 | d20f 84c4 | 1d00 0048 | 8b84 24d8 

  0x0000020d4d8e271c: ;   {metadata(method data for {method} {0x0000020d00461ae8} 'append' '(Ljava/lang/String;)Ljava/lang/StringBuilder;' in 'java/lang/StringBuilder')}
  0x0000020d4d8e271c: 0000 0049 | b850 b300 | 640d 0200 | 0049 8380 | 1001 0000 | 014c 8b84 | 24e0 0000 | 0048 8b94 
  0x0000020d4d8e273c: 24d8 0000 | 0066 0f1f 

  0x0000020d4d8e2744: ;   {optimized virtual_call}
  0x0000020d4d8e2744: 4400 00e8 

  0x0000020d4d8e2748: ; ImmutableOopMap {[160]=Oop [168]=Oop [176]=Oop [200]=Oop [208]=Oop [216]=Oop }
                      ;*invokespecial append {reexecute=0 rethrow=0 return_oop=0}
                      ; - java.lang.StringBuilder::append@2
                      ; - org.eclipse.osgi.internal.serviceregistry.FilteredServiceListener::getObjectClassFilterString@17 (line 239)
                      ; - org.eclipse.osgi.internal.serviceregistry.FilteredServiceListener::getFilter@19 (line 205)
                      ; - org.eclipse.osgi.internal.serviceregistry.FilteredServiceListener::serviceChanged@138 (line 119)
  0x0000020d4d8e2748: 34c0 f806 

  0x0000020d4d8e274c: ;   {other}
  0x0000020d4d8e274c: 0f1f 8400 | 3c16 000f | 488b 8424 | d800 0000 

  0x0000020d4d8e275c: ;   {metadata(method data for {method} {0x0000020d646a7be0} 'getObjectClassFilterString' '(Ljava/lang/String;)Ljava/lang/String;' in 'org/eclipse/osgi/internal/serviceregistry/FilteredServiceListener')}
  0x0000020d4d8e275c: 49b8 d04a | 8c64 0d02 | 0000 4983 | 8078 0100 

  0x0000020d4d8e276c: ;   {metadata(method data for {method} {0x0000020d00461ae8} 'append' '(Ljava/lang/String;)Ljava/lang/StringBuilder;' in 'java/lang/StringBuilder')}
  0x0000020d4d8e276c: 0001 49b8 | 50b3 0064 | 0d02 0000 | 418b 90cc | 0000 0083 | c202 4189 | 90cc 0000 | 0081 e2fe 
  0x0000020d4d8e278c: ff1f 0085 | d20f 8465 | 1d00 0048 | 8b84 24d8 

  0x0000020d4d8e279c: ;   {metadata(method data for {method} {0x0000020d00461ae8} 'append' '(Ljava/lang/String;)Ljava/lang/StringBuilder;' in 'java/lang/StringBuilder')}
  0x0000020d4d8e279c: 0000 0049 | b850 b300 | 640d 0200 | 0049 8380 | 1001 0000 

  0x0000020d4d8e27b0: ;   {oop(")"{0x0000000080000718})}
  0x0000020d4d8e27b0: 0149 b818 | 0700 8000 | 0000 0048 | 8b94 24d8 | 0000 000f 

  0x0000020d4d8e27c4: ;   {optimized virtual_call}
  0x0000020d4d8e27c4: 1f40 00e8 

  0x0000020d4d8e27c8: ; ImmutableOopMap {[160]=Oop [168]=Oop [176]=Oop [200]=Oop [208]=Oop [216]=Oop }
                      ;*invokespecial append {reexecute=0 rethrow=0 return_oop=0}
                      ; - java.lang.StringBuilder::append@2
                      ; - org.eclipse.osgi.internal.serviceregistry.FilteredServiceListener::getObjectClassFilterString@22 (line 239)
                      ; - org.eclipse.osgi.internal.serviceregistry.FilteredServiceListener::getFilter@19 (line 205)
                      ; - org.eclipse.osgi.internal.serviceregistry.FilteredServiceListener::serviceChanged@138 (line 119)
  0x0000020d4d8e27c8: b4bf f806 

  0x0000020d4d8e27cc: ;   {other}
  0x0000020d4d8e27cc: 0f1f 8400 | bc16 0010 | 488b 8424 | d800 0000 

  0x0000020d4d8e27dc: ;   {metadata(method data for {method} {0x0000020d646a7be0} 'getObjectClassFilterString' '(Ljava/lang/String;)Ljava/lang/String;' in 'org/eclipse/osgi/internal/serviceregistry/FilteredServiceListener')}
  0x0000020d4d8e27dc: 48ba d04a | 8c64 0d02 | 0000 4883 | 82b0 0100 

  0x0000020d4d8e27ec: ;   {metadata(method data for {method} {0x0000020d00008958} 'toString' '()Ljava/lang/String;' in 'java/lang/StringBuilder')}
  0x0000020d4d8e27ec: 0001 48ba | d8ba 0064 | 0d02 0000 | 8bb2 cc00 | 0000 83c6 | 0289 b2cc | 0000 0081 | e6fe ff1f 
  0x0000020d4d8e280c: 0085 f60f | 8408 1d00 

  0x0000020d4d8e2814: ;   {metadata('java/lang/String')}
  0x0000020d4d8e2814: 0048 ba78 | e800 000d | 0200 0049 | 8b87 b801 | 0000 488d | 7818 493b | bfc8 0100 | 000f 8707 
  0x0000020d4d8e2834: 1d00 0049 | 89bf b801 | 0000 48c7 | 0001 0000 | 0048 8bca | 49ba 0000 | 0000 0d02 | 0000 492b 
  0x0000020d4d8e2854: ca89 4808 | 4833 c989 | 480c 4833 | c948 8948 | 104c 8bc0 

  0x0000020d4d8e2868: ;   {metadata(method data for {method} {0x0000020d00008958} 'toString' '()Ljava/lang/String;' in 'java/lang/StringBuilder')}
  0x0000020d4d8e2868: 49b9 d8ba | 0064 0d02 | 0000 4983 | 8110 0100 

  0x0000020d4d8e2878: ;   {metadata(method data for {method} {0x0000020d00455dd8} '<init>' '(Ljava/lang/StringBuilder;)V' in 'java/lang/String')}
  0x0000020d4d8e2878: 0001 49b8 | 20bc 0064 | 0d02 0000 | 458b 88cc | 0000 0041 | 83c1 0245 | 8988 cc00 | 0000 4181 
  0x0000020d4d8e2898: e1fe ff1f | 0045 85c9 | 0f84 a51c | 0000 4c8b 

  0x0000020d4d8e28a8: ;   {metadata(method data for {method} {0x0000020d00455dd8} '<init>' '(Ljava/lang/StringBuilder;)V' in 'java/lang/String')}
  0x0000020d4d8e28a8: c049 b920 | bc00 640d | 0200 0049 | 8381 1001 | 0000 014c | 8b84 24d8 

  0x0000020d4d8e28c0: ;   {oop(nullptr)}
  0x0000020d4d8e28c0: 0000 0049 | b900 0000 | 0000 0000 | 0048 8bd0 | 4889 8424 | e800 0000 | 0f1f 8000 

  0x0000020d4d8e28dc: ;   {optimized virtual_call}
  0x0000020d4d8e28dc: 0000 00e8 

  0x0000020d4d8e28e0: ; ImmutableOopMap {[160]=Oop [168]=Oop [176]=Oop [200]=Oop [208]=Oop [232]=Oop }
                      ;*invokespecial <init> {reexecute=0 rethrow=0 return_oop=0}
                      ; - java.lang.String::<init>@3
                      ; - java.lang.StringBuilder::toString@5
                      ; - org.eclipse.osgi.internal.serviceregistry.FilteredServiceListener::getObjectClassFilterString@25 (line 239)
                      ; - org.eclipse.osgi.internal.serviceregistry.FilteredServiceListener::getFilter@19 (line 205)
                      ; - org.eclipse.osgi.internal.serviceregistry.FilteredServiceListener::serviceChanged@138 (line 119)
  0x0000020d4d8e28e0: 9cbe f806 

  0x0000020d4d8e28e4: ;   {other}
  0x0000020d4d8e28e4: 0f1f 8400 | d417 0011 | 488b b424 | e800 0000 | 488b c64c | 8b84 24c8 

  0x0000020d4d8e28fc: ;   {metadata(method data for {method} {0x0000020d646a7598} 'serviceChanged' '(Lorg/osgi/framework/ServiceEvent;)V' in 'org/eclipse/osgi/internal/serviceregistry/FilteredServiceListener')}
  0x0000020d4d8e28fc: 0000 0048 | ba50 b58a | 640d 0200 | 0048 8382 | a804 0000 

  0x0000020d4d8e2910: ;   {metadata(method data for {method} {0x0000020d00461ae8} 'append' '(Ljava/lang/String;)Ljava/lang/StringBuilder;' in 'java/lang/StringBuilder')}
  0x0000020d4d8e2910: 0149 b850 | b300 640d | 0200 0041 | 8b90 cc00 | 0000 83c2 | 0241 8990 | cc00 0000 | 81e2 feff 
  0x0000020d4d8e2930: 1f00 85d2 | 0f84 321c | 0000 4c8b | 8424 c800 

  0x0000020d4d8e2940: ;   {metadata(method data for {method} {0x0000020d00461ae8} 'append' '(Ljava/lang/String;)Ljava/lang/StringBuilder;' in 'java/lang/StringBuilder')}
  0x0000020d4d8e2940: 0000 48ba | 50b3 0064 | 0d02 0000 | 4883 8210 | 0100 0001 | 4c8b c048 | 8b94 24c8 

  0x0000020d4d8e295c: ;   {optimized virtual_call}
  0x0000020d4d8e295c: 0000 00e8 

  0x0000020d4d8e2960: ; ImmutableOopMap {[160]=Oop [168]=Oop [176]=Oop [200]=Oop [208]=Oop }
                      ;*invokespecial append {reexecute=0 rethrow=0 return_oop=0}
                      ; - java.lang.StringBuilder::append@2
                      ; - org.eclipse.osgi.internal.serviceregistry.FilteredServiceListener::serviceChanged@141 (line 119)
  0x0000020d4d8e2960: 1cbe f806 

  0x0000020d4d8e2964: ;   {other}
  0x0000020d4d8e2964: 0f1f 8400 | 5418 0012 | 488b 8424 | c800 0000 

  0x0000020d4d8e2974: ;   {metadata(method data for {method} {0x0000020d646a7598} 'serviceChanged' '(Lorg/osgi/framework/ServiceEvent;)V' in 'org/eclipse/osgi/internal/serviceregistry/FilteredServiceListener')}
  0x0000020d4d8e2974: 49b8 50b5 | 8a64 0d02 | 0000 4983 | 80e0 0400 

  0x0000020d4d8e2984: ;   {metadata(method data for {method} {0x0000020d00461ae8} 'append' '(Ljava/lang/String;)Ljava/lang/StringBuilder;' in 'java/lang/StringBuilder')}
  0x0000020d4d8e2984: 0001 49b8 | 50b3 0064 | 0d02 0000 | 418b 90cc | 0000 0083 | c202 4189 | 90cc 0000 | 0081 e2fe 
  0x0000020d4d8e29a4: ff1f 0085 | d20f 84de | 1b00 0048 | 8b84 24c8 

  0x0000020d4d8e29b4: ;   {metadata(method data for {method} {0x0000020d00461ae8} 'append' '(Ljava/lang/String;)Ljava/lang/StringBuilder;' in 'java/lang/StringBuilder')}
  0x0000020d4d8e29b4: 0000 0049 | b850 b300 | 640d 0200 | 0049 8380 | 1001 0000 

  0x0000020d4d8e29c8: ;   {oop("", "{0x00000000806243d0})}
  0x0000020d4d8e29c8: 0149 b8d0 | 4362 8000 | 0000 0048 | 8b94 24c8 | 0000 000f 

  0x0000020d4d8e29dc: ;   {optimized virtual_call}
  0x0000020d4d8e29dc: 1f40 00e8 

  0x0000020d4d8e29e0: ; ImmutableOopMap {[160]=Oop [168]=Oop [176]=Oop [200]=Oop [208]=Oop }
                      ;*invokespecial append {reexecute=0 rethrow=0 return_oop=0}
                      ; - java.lang.StringBuilder::append@2
                      ; - org.eclipse.osgi.internal.serviceregistry.FilteredServiceListener::serviceChanged@146 (line 119)
  0x0000020d4d8e29e0: 9cbd f806 

  0x0000020d4d8e29e4: ;   {other}
  0x0000020d4d8e29e4: 0f1f 8400 | d418 0013 | 488b b424 | a800 0000 

  0x0000020d4d8e29f4: ; implicit exception: dispatches to 0x0000020d4d8e45ae
  0x0000020d4d8e29f4: 483b 0648 

  0x0000020d4d8e29f8: ;   {metadata(method data for {method} {0x0000020d646a7598} 'serviceChanged' '(Lorg/osgi/framework/ServiceEvent;)V' in 'org/eclipse/osgi/internal/serviceregistry/FilteredServiceListener')}
  0x0000020d4d8e29f8: 8bc6 48ba | 50b5 8a64 | 0d02 0000 

  0x0000020d4d8e2a04: ;   {metadata('org/eclipse/osgi/internal/serviceregistry/ServiceReferenceImpl')}
  0x0000020d4d8e2a04: 49ba e856 | 1001 0d02 | 0000 4c89 | 9228 0500 | 0048 8382 | 3005 0000 | 018b 560c 

  0x0000020d4d8e2a20: ; implicit exception: dispatches to 0x0000020d4d8e45b3
  0x0000020d4d8e2a20: 483b 0248 

  0x0000020d4d8e2a24: ;   {metadata(method data for {method} {0x0000020d646a7598} 'serviceChanged' '(Lorg/osgi/framework/ServiceEvent;)V' in 'org/eclipse/osgi/internal/serviceregistry/FilteredServiceListener')}
  0x0000020d4d8e2a24: 8bc2 48bf | 50b5 8a64 | 0d02 0000 | 8b40 0849 | ba00 0000 | 000d 0200 | 0049 03c2 | 483b 8760 
  0x0000020d4d8e2a44: 0500 0075 | 0d48 8387 | 6805 0000 | 01e9 6000 | 0000 483b | 8770 0500 | 0075 0d48 | 8387 7805 
  0x0000020d4d8e2a64: 0000 01e9 | 4a00 0000 | 4883 bf60 | 0500 0000 | 7517 4889 | 8760 0500 | 0048 c787 | 6805 0000 
  0x0000020d4d8e2a84: 0100 0000 | e929 0000 | 0048 83bf | 7005 0000 | 0075 1748 | 8987 7005 | 0000 48c7 | 8778 0500 
  0x0000020d4d8e2aa4: 0001 0000 | 00e9 0800 | 0000 4883 | 8750 0500 

  0x0000020d4d8e2ab4: ;   {metadata(method data for {method} {0x0000020d6466dd30} 'getProperties' '()Ljava/util/Map;' in 'org/eclipse/osgi/internal/serviceregistry/ServiceRegistrationImpl')}
  0x0000020d4d8e2ab4: 0001 48b8 | f84c 8c64 | 0d02 0000 | 8bb8 cc00 | 0000 83c7 | 0289 b8cc | 0000 0081 | e7fe ff1f 
  0x0000020d4d8e2ad4: 0085 ff0f | 84db 1a00 | 008b 7a3c | 488d 9c24 | 2801 0000 | 4889 7b08 

  0x0000020d4d8e2aec: ; implicit exception: dispatches to 0x0000020d4d8e45d9
  0x0000020d4d8e2aec: 488b 0748 | 83c8 0148 | 8903 f048 | 0fb1 1f0f | 8412 0000 | 0048 2bc4 | 4825 07f0 | ffff 4889 
  0x0000020d4d8e2b0c: 030f 85cb | 1a00 0049 | ff87 5005 | 0000 8b52 | 3848 8d84 | 2428 0100 | 0048 8b38 | 4885 ff0f 
  0x0000020d4d8e2b2c: 840f 0000 | 0048 8b58 | 08f0 480f | b13b 0f85 | b11a 0000 | 49ff 8f50 | 0500 0048 | 8b84 24c8 
  0x0000020d4d8e2b4c: ;   {metadata(method data for {method} {0x0000020d646a7598} 'serviceChanged' '(Lorg/osgi/framework/ServiceEvent;)V' in 'org/eclipse/osgi/internal/serviceregistry/FilteredServiceListener')}
  0x0000020d4d8e2b4c: 0000 0048 | bf50 b58a | 640d 0200 | 0048 8387 | 8805 0000 

  0x0000020d4d8e2b60: ;   {metadata(method data for {method} {0x0000020d00461b40} 'append' '(Ljava/lang/Object;)Ljava/lang/StringBuilder;' in 'java/lang/StringBuilder')}
  0x0000020d4d8e2b60: 0148 bfe8 | 8409 640d | 0200 008b | 9fcc 0000 | 0083 c302 | 899f cc00 | 0000 81e3 | feff 1f00 
  0x0000020d4d8e2b80: 85db 0f84 | 7f1a 0000 

  0x0000020d4d8e2b88: ;   {metadata(method data for {method} {0x0000020d00461b40} 'append' '(Ljava/lang/Object;)Ljava/lang/StringBuilder;' in 'java/lang/StringBuilder')}
  0x0000020d4d8e2b88: 48bf e884 | 0964 0d02 | 0000 4883 | 8710 0100 

  0x0000020d4d8e2b98: ;   {metadata(method data for {method} {0x0000020d00455280} 'valueOf' '(Ljava/lang/Object;)Ljava/lang/String;' in 'java/lang/String')}
  0x0000020d4d8e2b98: 0001 48bf | b886 0964 | 0d02 0000 | 8b9f cc00 | 0000 83c3 | 0289 9fcc | 0000 0081 | e3fe ff1f 
  0x0000020d4d8e2bb8: 0085 db0f | 8467 1a00 | 0048 85d2 

  0x0000020d4d8e2bc4: ;   {metadata(method data for {method} {0x0000020d00455280} 'valueOf' '(Ljava/lang/Object;)Ljava/lang/String;' in 'java/lang/String')}
  0x0000020d4d8e2bc4: 48bf b886 | 0964 0d02 | 0000 48c7 | c310 0100 | 0075 0748 | c7c3 2001 | 0000 488b | 041f 488d 
  0x0000020d4d8e2be4: 4001 4889 | 041f 0f85 | 1f00 0000 

  0x0000020d4d8e2bf0: ;   {metadata(method data for {method} {0x0000020d00455280} 'valueOf' '(Ljava/lang/Object;)Ljava/lang/String;' in 'java/lang/String')}
  0x0000020d4d8e2bf0: 48ba b886 | 0964 0d02 | 0000 ff82 | 3001 0000 

  0x0000020d4d8e2c00: ;   {oop("null"{0x0000000080000b68})}
  0x0000020d4d8e2c00: 48bf 680b | 0080 0000 | 0000 e9b0 | 0000 0048 | 3b02 488b 

  0x0000020d4d8e2c14: ;   {metadata(method data for {method} {0x0000020d00455280} 'valueOf' '(Ljava/lang/Object;)Ljava/lang/String;' in 'java/lang/String')}
  0x0000020d4d8e2c14: fa48 bbb8 | 8609 640d | 0200 008b | 7f08 49ba | 0000 0000 | 0d02 0000 | 4903 fa48 | 3bbb 5801 
  0x0000020d4d8e2c34: 0000 750d | 4883 8360 | 0100 0001 | e960 0000 | 0048 3bbb | 6801 0000 | 750d 4883 | 8370 0100 
  0x0000020d4d8e2c54: 0001 e94a | 0000 0048 | 83bb 5801 | 0000 0075 | 1748 89bb | 5801 0000 | 48c7 8360 | 0100 0001 
  0x0000020d4d8e2c74: 0000 00e9 | 2900 0000 | 4883 bb68 | 0100 0000 | 7517 4889 | bb68 0100 | 0048 c783 | 7001 0000 
  0x0000020d4d8e2c94: 0100 0000 | e908 0000 | 0048 8383 | 4801 0000 | 0148 b8ff | ffff ffff 

  0x0000020d4d8e2cac: ;   {virtual_call}
  0x0000020d4d8e2cac: ffff ffe8 

  0x0000020d4d8e2cb0: ; ImmutableOopMap {[160]=Oop [168]=Oop [176]=Oop [200]=Oop [208]=Oop }
                      ;*invokevirtual toString {reexecute=0 rethrow=0 return_oop=0}
                      ; - java.lang.String::valueOf@11
                      ; - java.lang.StringBuilder::append@2
                      ; - org.eclipse.osgi.internal.serviceregistry.FilteredServiceListener::serviceChanged@156 (line 120)
  0x0000020d4d8e2cb0: ccbd f806 

  0x0000020d4d8e2cb4: ;   {other}
  0x0000020d4d8e2cb4: 0f1f 8400 | a41b 0014 | 488b f848 | 8b84 24c8 

  0x0000020d4d8e2cc4: ;   {metadata(method data for {method} {0x0000020d00461b40} 'append' '(Ljava/lang/Object;)Ljava/lang/StringBuilder;' in 'java/lang/StringBuilder')}
  0x0000020d4d8e2cc4: 0000 0049 | b8e8 8409 | 640d 0200 | 0049 8380 | 2001 0000 

  0x0000020d4d8e2cd8: ;   {metadata(method data for {method} {0x0000020d00461ae8} 'append' '(Ljava/lang/String;)Ljava/lang/StringBuilder;' in 'java/lang/StringBuilder')}
  0x0000020d4d8e2cd8: 0149 b850 | b300 640d | 0200 0041 | 8b90 cc00 | 0000 83c2 | 0241 8990 | cc00 0000 | 81e2 feff 
  0x0000020d4d8e2cf8: 1f00 85d2 | 0f84 4c19 | 0000 488b | 8424 c800 

  0x0000020d4d8e2d08: ;   {metadata(method data for {method} {0x0000020d00461ae8} 'append' '(Ljava/lang/String;)Ljava/lang/StringBuilder;' in 'java/lang/StringBuilder')}
  0x0000020d4d8e2d08: 0000 49b8 | 50b3 0064 | 0d02 0000 | 4983 8010 | 0100 0001 | 4c8b c748 | 8b94 24c8 

  0x0000020d4d8e2d24: ;   {optimized virtual_call}
  0x0000020d4d8e2d24: 0000 00e8 

  0x0000020d4d8e2d28: ; ImmutableOopMap {[160]=Oop [168]=Oop [176]=Oop [200]=Oop [208]=Oop }
                      ;*invokespecial append {reexecute=0 rethrow=0 return_oop=0}
                      ; - java.lang.StringBuilder::append@2
                      ; - java.lang.StringBuilder::append@5
                      ; - org.eclipse.osgi.internal.serviceregistry.FilteredServiceListener::serviceChanged@156 (line 120)
  0x0000020d4d8e2d28: 54ba f806 

  0x0000020d4d8e2d2c: ;   {other}
  0x0000020d4d8e2d2c: 0f1f 8400 | 1c1c 0015 | 488b 8424 | c800 0000 

  0x0000020d4d8e2d3c: ;   {metadata(method data for {method} {0x0000020d646a7598} 'serviceChanged' '(Lorg/osgi/framework/ServiceEvent;)V' in 'org/eclipse/osgi/internal/serviceregistry/FilteredServiceListener')}
  0x0000020d4d8e2d3c: 4c8b c048 | ba50 b58a | 640d 0200 | 0048 8382 | c005 0000 

  0x0000020d4d8e2d50: ;   {metadata(method data for {method} {0x0000020d00461ae8} 'append' '(Ljava/lang/String;)Ljava/lang/StringBuilder;' in 'java/lang/StringBuilder')}
  0x0000020d4d8e2d50: 0149 b850 | b300 640d | 0200 0041 | 8b90 cc00 | 0000 83c2 | 0241 8990 | cc00 0000 | 81e2 feff 
  0x0000020d4d8e2d70: 1f00 85d2 | 0f84 f518 | 0000 4c8b 

  0x0000020d4d8e2d7c: ;   {metadata(method data for {method} {0x0000020d00461ae8} 'append' '(Ljava/lang/String;)Ljava/lang/StringBuilder;' in 'java/lang/StringBuilder')}
  0x0000020d4d8e2d7c: c048 ba50 | b300 640d | 0200 0048 | 8382 1001 

  0x0000020d4d8e2d8c: ;   {oop(")"{0x0000000080000718})}
  0x0000020d4d8e2d8c: 0000 0149 | b818 0700 | 8000 0000 | 0048 8bd0 

  0x0000020d4d8e2d9c: ;   {optimized virtual_call}
  0x0000020d4d8e2d9c: 6666 90e8 

  0x0000020d4d8e2da0: ; ImmutableOopMap {[160]=Oop [168]=Oop [176]=Oop [200]=Oop [208]=Oop }
                      ;*invokespecial append {reexecute=0 rethrow=0 return_oop=0}
                      ; - java.lang.StringBuilder::append@2
                      ; - org.eclipse.osgi.internal.serviceregistry.FilteredServiceListener::serviceChanged@161 (line 120)
  0x0000020d4d8e2da0: dcb9 f806 

  0x0000020d4d8e2da4: ;   {other}
  0x0000020d4d8e2da4: 0f1f 8400 | 941c 0016 | 488b 8424 | c800 0000 

  0x0000020d4d8e2db4: ;   {metadata(method data for {method} {0x0000020d646a7598} 'serviceChanged' '(Lorg/osgi/framework/ServiceEvent;)V' in 'org/eclipse/osgi/internal/serviceregistry/FilteredServiceListener')}
  0x0000020d4d8e2db4: 48ba 50b5 | 8a64 0d02 | 0000 4883 | 82f8 0500 

  0x0000020d4d8e2dc4: ;   {metadata(method data for {method} {0x0000020d00008958} 'toString' '()Ljava/lang/String;' in 'java/lang/StringBuilder')}
  0x0000020d4d8e2dc4: 0001 48ba | d8ba 0064 | 0d02 0000 | 8bb2 cc00 | 0000 83c6 | 0289 b2cc | 0000 0081 | e6fe ff1f 
  0x0000020d4d8e2de4: 0085 f60f | 84a3 1800 

  0x0000020d4d8e2dec: ;   {metadata('java/lang/String')}
  0x0000020d4d8e2dec: 0048 ba78 | e800 000d | 0200 0049 | 8b87 b801 | 0000 488d | 7818 493b | bfc8 0100 | 000f 87a2 
  0x0000020d4d8e2e0c: 1800 0049 | 89bf b801 | 0000 48c7 | 0001 0000 | 0048 8bca | 49ba 0000 | 0000 0d02 | 0000 492b 
  0x0000020d4d8e2e2c: ca89 4808 | 4833 c989 | 480c 4833 | c948 8948 | 104c 8bc0 

  0x0000020d4d8e2e40: ;   {metadata(method data for {method} {0x0000020d00008958} 'toString' '()Ljava/lang/String;' in 'java/lang/StringBuilder')}
  0x0000020d4d8e2e40: 49b9 d8ba | 0064 0d02 | 0000 4983 | 8110 0100 

  0x0000020d4d8e2e50: ;   {metadata(method data for {method} {0x0000020d00455dd8} '<init>' '(Ljava/lang/StringBuilder;)V' in 'java/lang/String')}
  0x0000020d4d8e2e50: 0001 49b8 | 20bc 0064 | 0d02 0000 | 458b 88cc | 0000 0041 | 83c1 0245 | 8988 cc00 | 0000 4181 
  0x0000020d4d8e2e70: e1fe ff1f | 0045 85c9 | 0f84 4018 | 0000 4c8b 

  0x0000020d4d8e2e80: ;   {metadata(method data for {method} {0x0000020d00455dd8} '<init>' '(Ljava/lang/StringBuilder;)V' in 'java/lang/String')}
  0x0000020d4d8e2e80: c049 b920 | bc00 640d | 0200 0049 | 8381 1001 | 0000 014c | 8b84 24c8 

  0x0000020d4d8e2e98: ;   {oop(nullptr)}
  0x0000020d4d8e2e98: 0000 0049 | b900 0000 | 0000 0000 | 0048 8bd0 | 4889 8424 | f000 0000 | 0f1f 8000 

  0x0000020d4d8e2eb4: ;   {optimized virtual_call}
  0x0000020d4d8e2eb4: 0000 00e8 

  0x0000020d4d8e2eb8: ; ImmutableOopMap {[160]=Oop [168]=Oop [176]=Oop [208]=Oop [240]=Oop }
                      ;*invokespecial <init> {reexecute=0 rethrow=0 return_oop=0}
                      ; - java.lang.String::<init>@3
                      ; - java.lang.StringBuilder::toString@5
                      ; - org.eclipse.osgi.internal.serviceregistry.FilteredServiceListener::serviceChanged@164 (line 120)
  0x0000020d4d8e2eb8: c4b8 f806 

  0x0000020d4d8e2ebc: ;   {other}
  0x0000020d4d8e2ebc: 0f1f 8400 | ac1d 0017 | 488b 9c24 | d000 0000 

  0x0000020d4d8e2ecc: ; implicit exception: dispatches to 0x0000020d4d8e46df
  0x0000020d4d8e2ecc: 483b 034c 

  0x0000020d4d8e2ed0: ;   {metadata(method data for {method} {0x0000020d646a7598} 'serviceChanged' '(Lorg/osgi/framework/ServiceEvent;)V' in 'org/eclipse/osgi/internal/serviceregistry/FilteredServiceListener')}
  0x0000020d4d8e2ed0: 8bc3 49b9 | 50b5 8a64 | 0d02 0000 

  0x0000020d4d8e2edc: ;   {metadata('org/eclipse/osgi/internal/debug/Debug')}
  0x0000020d4d8e2edc: 49ba 8009 | 0901 0d02 | 0000 4d89 | 9140 0600 | 0049 8381 | 4806 0000 

  0x0000020d4d8e2ef4: ;   {metadata(method data for {method} {0x0000020d644e53d0} 'trace' '(Ljava/lang/String;Ljava/lang/String;)V' in 'org/eclipse/osgi/internal/debug/Debug')}
  0x0000020d4d8e2ef4: 0149 b818 | ac83 640d | 0200 0045 | 8b88 cc00 | 0000 4183 | c102 4589 | 88cc 0000 | 0041 81e1 
  0x0000020d4d8e2f14: feff 1f00 | 4585 c90f | 84c3 1700 | 008b 5324 

  0x0000020d4d8e2f24: ;   {metadata(method data for {method} {0x0000020d644e53d0} 'trace' '(Ljava/lang/String;Ljava/lang/String;)V' in 'org/eclipse/osgi/internal/debug/Debug')}
  0x0000020d4d8e2f24: 4885 d249 | b818 ac83 | 640d 0200 | 0049 c7c1 | 1001 0000 | 7407 49c7 | c120 0100 | 004b 8b34 
  0x0000020d4d8e2f44: 0848 8d76 | 014b 8934 | 080f 84ff | 0200 0048 | 85d2 0f84 | 2900 0000 

  0x0000020d4d8e2f5c: ;   {metadata('org/eclipse/osgi/internal/log/ExtendedLogServiceImpl')}
  0x0000020d4d8e2f5c: 48bf 4056 | 0901 0d02 | 0000 8b72 | 0849 ba00 | 0000 000d | 0200 0049 | 03f2 483b | 7e38 0f85 
  0x0000020d4d8e2f7c: 8517 0000 | e900 0000 | 004c 8bc2 

  0x0000020d4d8e2f88: ; implicit exception: dispatches to 0x0000020d4d8e470a
  0x0000020d4d8e2f88: 483b 024c 

  0x0000020d4d8e2f8c: ;   {metadata(method data for {method} {0x0000020d644e53d0} 'trace' '(Ljava/lang/String;Ljava/lang/String;)V' in 'org/eclipse/osgi/internal/debug/Debug')}
  0x0000020d4d8e2f8c: 8bc2 49b9 | 18ac 8364 | 0d02 0000 

  0x0000020d4d8e2f98: ;   {metadata('org/eclipse/osgi/internal/log/ExtendedLogServiceImpl')}
  0x0000020d4d8e2f98: 49ba 4056 | 0901 0d02 | 0000 4d89 | 9140 0100 | 0049 8381 | 4801 0000 

  0x0000020d4d8e2fb0: ;   {metadata(method data for {method} {0x0000020d6450ca80} 'getLogger' '(Ljava/lang/String;)Lorg/osgi/service/log/Logger;' in 'org/eclipse/osgi/internal/log/ExtendedLogServiceImpl')}
  0x0000020d4d8e2fb0: 0149 b858 | ae83 640d | 0200 0045 | 8b88 cc00 | 0000 4183 | c102 4589 | 88cc 0000 | 0041 81e1 
  0x0000020d4d8e2fd0: feff 1f00 | 4585 c90f | 8432 1700 | 004c 8bc2 

  0x0000020d4d8e2fe0: ;   {metadata(method data for {method} {0x0000020d6450ca80} 'getLogger' '(Ljava/lang/String;)Lorg/osgi/service/log/Logger;' in 'org/eclipse/osgi/internal/log/ExtendedLogServiceImpl')}
  0x0000020d4d8e2fe0: 49b9 58ae | 8364 0d02 

  0x0000020d4d8e2fe8: ;   {metadata('org/eclipse/osgi/internal/log/ExtendedLogServiceImpl')}
  0x0000020d4d8e2fe8: 0000 49ba | 4056 0901 | 0d02 0000 | 4d89 9120 | 0100 0049 | 8381 2801 

  0x0000020d4d8e3000: ;   {metadata(method data for {method} {0x0000020d6450a308} 'getLogger' '(Ljava/lang/String;)Lorg/eclipse/equinox/log/Logger;' in 'org/eclipse/osgi/internal/log/ExtendedLogServiceImpl')}
  0x0000020d4d8e3000: 0000 0149 | b8e8 af83 | 640d 0200 | 0045 8b88 | cc00 0000 | 4183 c102 | 4589 88cc | 0000 0041 
  0x0000020d4d8e3020: 81e1 feff | 1f00 4585 | c90f 8401 | 1700 004c 

  0x0000020d4d8e3030: ;   {metadata(method data for {method} {0x0000020d6450a308} 'getLogger' '(Ljava/lang/String;)Lorg/eclipse/equinox/log/Logger;' in 'org/eclipse/osgi/internal/log/ExtendedLogServiceImpl')}
  0x0000020d4d8e3030: 8bc2 49b9 | e8af 8364 | 0d02 0000 

  0x0000020d4d8e303c: ;   {metadata('org/eclipse/osgi/internal/log/ExtendedLogServiceImpl')}
  0x0000020d4d8e303c: 49ba 4056 | 0901 0d02 | 0000 4d89 | 9120 0100 | 0049 8381 | 2801 0000 

  0x0000020d4d8e3054: ;   {oop("org.eclipse.osgi/debug/events"{0x00000000d72299b0})}
  0x0000020d4d8e3054: 0149 b8b0 | 9922 d700 

  0x0000020d4d8e305c: ;   {oop(a 'java/lang/Class'{0x00000000d7224000} = 'org/osgi/service/log/Logger')}
  0x0000020d4d8e305c: 0000 0049 | b900 4022 | d700 0000 | 0066 0f1f 

  0x0000020d4d8e306c: ;   {optimized virtual_call}
  0x0000020d4d8e306c: 4400 00e8 

  0x0000020d4d8e3070: ; ImmutableOopMap {[160]=Oop [168]=Oop [176]=Oop [240]=Oop }
                      ;*invokevirtual getLogger {reexecute=0 rethrow=0 return_oop=0}
                      ; - org.eclipse.osgi.internal.log.ExtendedLogServiceImpl::getLogger@4 (line 73)
                      ; - org.eclipse.osgi.internal.log.ExtendedLogServiceImpl::getLogger@2 (line 1)
                      ; - org.eclipse.osgi.internal.debug.Debug::trace@11 (line 265)
                      ; - org.eclipse.osgi.internal.serviceregistry.FilteredServiceListener::serviceChanged@167 (line 119)
  0x0000020d4d8e3070: 0cb7 f806 

  0x0000020d4d8e3074: ;   {other}
  0x0000020d4d8e3074: 0f1f 8400 | 641f 0018 | 4885 c075 

  0x0000020d4d8e3080: ;   {metadata(method data for {method} {0x0000020d6450a308} 'getLogger' '(Ljava/lang/String;)Lorg/eclipse/equinox/log/Logger;' in 'org/eclipse/osgi/internal/log/ExtendedLogServiceImpl')}
  0x0000020d4d8e3080: 1648 bee8 | af83 640d | 0200 0080 | 8e41 0100 | 0001 e9e7 

  0x0000020d4d8e3094: ;   {metadata('org/eclipse/equinox/log/Logger')}
  0x0000020d4d8e3094: 0000 0048 | bff8 2909 | 010d 0200 | 008b 7008 | 49ba 0000 | 0000 0d02 | 0000 4903 | f248 3b7e 
  0x0000020d4d8e30b4: 200f 841a | 0000 0048 | 3bf7 0f84 | 1100 0000 

  0x0000020d4d8e30c4: ;   {runtime_call slow_subtype_check Runtime1 stub}
  0x0000020d4d8e30c4: 5657 e835 | e903 075e | 5e85 f60f | 848d 0000 

  0x0000020d4d8e30d4: ;   {metadata(method data for {method} {0x0000020d6450a308} 'getLogger' '(Ljava/lang/String;)Lorg/eclipse/equinox/log/Logger;' in 'org/eclipse/osgi/internal/log/ExtendedLogServiceImpl')}
  0x0000020d4d8e30d4: 0048 bee8 | af83 640d | 0200 008b | 7808 49ba | 0000 0000 | 0d02 0000 | 4903 fa48 | 3bbe 5801 
  0x0000020d4d8e30f4: 0000 750d | 4883 8660 | 0100 0001 | e979 0000 | 0048 3bbe | 6801 0000 | 750d 4883 | 8670 0100 
  0x0000020d4d8e3114: 0001 e963 | 0000 0048 | 83be 5801 | 0000 0075 | 1748 89be | 5801 0000 | 48c7 8660 | 0100 0001 
  0x0000020d4d8e3134: 0000 00e9 | 4200 0000 | 4883 be68 | 0100 0000 | 7517 4889 | be68 0100 | 0048 c786 | 7001 0000 
  0x0000020d4d8e3154: 0100 0000 | e921 0000 | 00e9 1c00 

  0x0000020d4d8e3160: ;   {metadata(method data for {method} {0x0000020d6450a308} 'getLogger' '(Ljava/lang/String;)Lorg/eclipse/equinox/log/Logger;' in 'org/eclipse/osgi/internal/log/ExtendedLogServiceImpl')}
  0x0000020d4d8e3160: 0000 48be | e8af 8364 | 0d02 0000 | 4883 ae48 | 0100 0001 | e9d8 1500 | 00e9 0000 | 0000 488b 
  0x0000020d4d8e3180: d048 3b02 

  0x0000020d4d8e3184: ;   {metadata(method data for {method} {0x0000020d644e53d0} 'trace' '(Ljava/lang/String;Ljava/lang/String;)V' in 'org/eclipse/osgi/internal/debug/Debug')}
  0x0000020d4d8e3184: 4c8b c248 | be18 ac83 | 640d 0200 | 0045 8b40 | 0849 ba00 | 0000 000d | 0200 004d | 03c2 4c3b 
  0x0000020d4d8e31a4: 8678 0100 | 0075 0d48 | 8386 8001 | 0000 01e9 | 6000 0000 | 4c3b 8688 | 0100 0075 | 0d48 8386 
  0x0000020d4d8e31c4: 9001 0000 | 01e9 4a00 | 0000 4883 | be78 0100 | 0000 7517 | 4c89 8678 | 0100 0048 | c786 8001 
  0x0000020d4d8e31e4: 0000 0100 | 0000 e929 | 0000 0048 | 83be 8801 | 0000 0075 | 174c 8986 | 8801 0000 | 48c7 8690 
  0x0000020d4d8e3204: 0100 0001 | 0000 00e9 | 0800 0000 | 4883 8668 | 0100 0001 | 4c8b 8424 | f000 0000 | 0f1f 4400 
  0x0000020d4d8e3224: 0048 b8ff | ffff ffff 

  0x0000020d4d8e322c: ;   {virtual_call}
  0x0000020d4d8e322c: ffff ffe8 

  0x0000020d4d8e3230: ; ImmutableOopMap {[160]=Oop [168]=Oop [176]=Oop }
                      ;*invokeinterface debug {reexecute=0 rethrow=0 return_oop=0}
                      ; - org.eclipse.osgi.internal.debug.Debug::trace@17 (line 265)
                      ; - org.eclipse.osgi.internal.serviceregistry.FilteredServiceListener::serviceChanged@167 (line 119)
  0x0000020d4d8e3230: 4cb8 f806 

  0x0000020d4d8e3234: ;   {other}
  0x0000020d4d8e3234: 0f1f 8400 | 2421 0019 

  0x0000020d4d8e323c: ;   {metadata(method data for {method} {0x0000020d644e53d0} 'trace' '(Ljava/lang/String;Ljava/lang/String;)V' in 'org/eclipse/osgi/internal/debug/Debug')}
  0x0000020d4d8e323c: 49b8 18ac | 8364 0d02 | 0000 41ff | 80a0 0100 | 00e9 5200 | 0000 488b | 8424 f000 

  0x0000020d4d8e3258: ;   {oop(a 'java/lang/Class'{0x00000000d7224f68} = 'org/eclipse/osgi/internal/debug/Debug')}
  0x0000020d4d8e3258: 0000 49b8 | 684f 22d7 | 0000 0000 | 418b 90d0 | 0000 0048 | 3b02 4c8b 

  0x0000020d4d8e3270: ;   {metadata(method data for {method} {0x0000020d644e53d0} 'trace' '(Ljava/lang/String;Ljava/lang/String;)V' in 'org/eclipse/osgi/internal/debug/Debug')}
  0x0000020d4d8e3270: c248 be18 | ac83 640d 

  0x0000020d4d8e3278: ;   {metadata('java/io/PrintStream')}
  0x0000020d4d8e3278: 0200 0049 | bac8 a300 | 000d 0200 | 004c 8996 | c801 0000 | 4883 86d0 | 0100 0001 

  0x0000020d4d8e3294: ;   {optimized virtual_call}
  0x0000020d4d8e3294: 4c8b c0e8 

  0x0000020d4d8e3298: ; ImmutableOopMap {[160]=Oop [168]=Oop [176]=Oop }
                      ;*invokevirtual println {reexecute=0 rethrow=0 return_oop=0}
                      ; - org.eclipse.osgi.internal.debug.Debug::trace@29 (line 267)
                      ; - org.eclipse.osgi.internal.serviceregistry.FilteredServiceListener::serviceChanged@167 (line 119)
  0x0000020d4d8e3298: e4b4 f806 

  0x0000020d4d8e329c: ;   {other}
  0x0000020d4d8e329c: 0f1f 8400 | 8c21 001a | 4c8b 8424 | b000 0000 | 488b 9424 | a000 0000 

  0x0000020d4d8e32b4: ;   {metadata(method data for {method} {0x0000020d646a7598} 'serviceChanged' '(Lorg/osgi/framework/ServiceEvent;)V' in 'org/eclipse/osgi/internal/serviceregistry/FilteredServiceListener')}
  0x0000020d4d8e32b4: 48be 50b5 | 8a64 0d02 | 0000 4883 | 8668 0600 | 0001 488b | 9424 a000 

  0x0000020d4d8e32cc: ;   {optimized virtual_call}
  0x0000020d4d8e32cc: 0000 90e8 

  0x0000020d4d8e32d0: ; ImmutableOopMap {[160]=Oop [168]=Oop }
                      ;*invokespecial filterMatch {reexecute=0 rethrow=0 return_oop=0}
                      ; - org.eclipse.osgi.internal.serviceregistry.FilteredServiceListener::serviceChanged@172 (line 123)
  0x0000020d4d8e32d0: 7019 0000 

  0x0000020d4d8e32d4: ;   {other}
  0x0000020d4d8e32d4: 0f1f 8400 | c421 001b 

  0x0000020d4d8e32dc: ;   {metadata(method data for {method} {0x0000020d646a7598} 'serviceChanged' '(Lorg/osgi/framework/ServiceEvent;)V' in 'org/eclipse/osgi/internal/serviceregistry/FilteredServiceListener')}
  0x0000020d4d8e32dc: 4885 c048 | ba50 b58a | 640d 0200 | 0049 c7c0 | 8806 0000 | 7407 49c7 | c078 0600 | 004e 8b0c 
  0x0000020d4d8e32fc: 024d 8d49 | 014e 890c | 020f 8447 | 0e00 0048 | 8b94 24a0 | 0000 0044 | 0fbe 420c 

  0x0000020d4d8e3318: ;   {metadata(method data for {method} {0x0000020d646a7598} 'serviceChanged' '(Lorg/osgi/framework/ServiceEvent;)V' in 'org/eclipse/osgi/internal/serviceregistry/FilteredServiceListener')}
  0x0000020d4d8e3318: 4585 c049 | b850 b58a | 640d 0200 | 0049 c7c1 | 9806 0000 | 7507 49c7 | c1a8 0600 | 004b 8b34 
  0x0000020d4d8e3338: 0848 8d76 | 014b 8934 | 0848 8984 | 24f8 0000 | 000f 8573 | 0000 0048 | 8bb4 24a8 | 0000 0044 
  0x0000020d4d8e3358: 8b42 1844 

  0x0000020d4d8e335c: ;   {metadata(method data for {method} {0x0000020d646a7598} 'serviceChanged' '(Lorg/osgi/framework/ServiceEvent;)V' in 'org/eclipse/osgi/internal/serviceregistry/FilteredServiceListener')}
  0x0000020d4d8e335c: 8b4a 1c48 | bf50 b58a | 640d 0200 | 0048 8387 | b806 0000 | 0149 8bd0 | 4d8b c14c | 8bce 0f1f 
  0x0000020d4d8e337c: ;   {static_call}
  0x0000020d4d8e337c: 4400 00e8 

  0x0000020d4d8e3380: ; ImmutableOopMap {[160]=Oop [248]=Oop }
                      ;*invokestatic isAssignableTo {reexecute=0 rethrow=0 return_oop=0}
                      ; - org.eclipse.osgi.internal.serviceregistry.FilteredServiceListener::serviceChanged@197 (line 127)
  0x0000020d4d8e3380: cf18 0000 

  0x0000020d4d8e3384: ;   {other}
  0x0000020d4d8e3384: 0f1f 8400 | 7422 001c 

  0x0000020d4d8e338c: ;   {metadata(method data for {method} {0x0000020d646a7598} 'serviceChanged' '(Lorg/osgi/framework/ServiceEvent;)V' in 'org/eclipse/osgi/internal/serviceregistry/FilteredServiceListener')}
  0x0000020d4d8e338c: 85c0 48ba | 50b5 8a64 | 0d02 0000 | 48c7 c6c8 | 0600 0074 | 0748 c7c6 | d806 0000 | 488b 3c32 
  0x0000020d4d8e33ac: 488d 7f01 | 4889 3c32 | 0f84 820d | 0000 488b | 9424 a000 | 0000 8b72 | 200f be76 

  0x0000020d4d8e33c8: ;   {metadata(method data for {method} {0x0000020d646a7598} 'serviceChanged' '(Lorg/osgi/framework/ServiceEvent;)V' in 'org/eclipse/osgi/internal/serviceregistry/FilteredServiceListener')}
  0x0000020d4d8e33c8: 1385 f648 | be50 b58a | 640d 0200 | 0048 c7c7 | f806 0000 | 7507 48c7 | c7e8 0600 | 0048 8b04 
  0x0000020d4d8e33e8: 3e48 8d40 | 0148 8904 | 3e0f 850d | 0000 0048 | 8b84 24f8 | 0000 00e9 | 800c 0000 | 488b da90 
  0x0000020d4d8e3408: ;   {no_reloc}
  0x0000020d4d8e3408: e96b 1300 | 0000 0000 | 0000 498b | 87b8 0100 | 0048 8d78 | 1849 3bbf | c801 0000 | 0f87 5813 
  0x0000020d4d8e3428: 0000 4989 | bfb8 0100 | 0048 c700 | 0100 0000 | 488b ca49 | ba00 0000 | 000d 0200 | 0049 2bca 
  0x0000020d4d8e3448: 8948 0848 | 33c9 8948 | 0c48 33c9 | 4889 4810 | 4889 8424 | 0001 0000 | 8b53 1448 | 3b02 488b 
  0x0000020d4d8e3468: ;   {metadata(method data for {method} {0x0000020d646a7598} 'serviceChanged' '(Lorg/osgi/framework/ServiceEvent;)V' in 'org/eclipse/osgi/internal/serviceregistry/FilteredServiceListener')}
  0x0000020d4d8e3468: f248 bf50 | b58a 640d | 0200 0048 | 8387 0807 | 0000 018b | 5208 49ba | 0000 0000 | 0d02 0000 
  0x0000020d4d8e3488: 4903 d248 | 8b52 7048 | 8b12 483b | 0248 8bf2 

  0x0000020d4d8e3498: ;   {metadata(method data for {method} {0x0000020d646a7598} 'serviceChanged' '(Lorg/osgi/framework/ServiceEvent;)V' in 'org/eclipse/osgi/internal/serviceregistry/FilteredServiceListener')}
  0x0000020d4d8e3498: 48bf 50b5 | 8a64 0d02 | 0000 4883 | 8740 0700 

  0x0000020d4d8e34a8: ;   {metadata(method data for {method} {0x0000020d00469ad8} 'getName' '()Ljava/lang/String;' in 'java/lang/Class')}
  0x0000020d4d8e34a8: 0001 48be | 1082 0564 | 0d02 0000 | 8bbe cc00 | 0000 83c7 | 0289 becc | 0000 0081 | e7fe ff1f 
  0x0000020d4d8e34c8: 0085 ff0f | 84c8 1200 | 008b 722c 

  0x0000020d4d8e34d4: ;   {metadata(method data for {method} {0x0000020d00469ad8} 'getName' '()Ljava/lang/String;' in 'java/lang/Class')}
  0x0000020d4d8e34d4: 4885 f648 | bf10 8205 | 640d 0200 | 0048 c7c1 | 1001 0000 | 7407 48c7 | c120 0100 | 004c 8b04 
  0x0000020d4d8e34f4: 0f4d 8d40 | 014c 8904 | 0f0f 8415 

  0x0000020d4d8e3500: ;   {metadata(method data for {method} {0x0000020d00469ad8} 'getName' '()Ljava/lang/String;' in 'java/lang/Class')}
  0x0000020d4d8e3500: 0000 0048 | ba10 8205 | 640d 0200 | 00ff 8230 | 0100 00e9 | 2700 0000 

  0x0000020d4d8e3518: ;   {metadata(method data for {method} {0x0000020d00469ad8} 'getName' '()Ljava/lang/String;' in 'java/lang/Class')}
  0x0000020d4d8e3518: 488b fa48 | bb10 8205 | 640d 0200 | 0048 8383 | 4801 0000 

  0x0000020d4d8e352c: ;   {optimized virtual_call}
  0x0000020d4d8e352c: 0166 90e8 

  0x0000020d4d8e3530: ; ImmutableOopMap {[160]=Oop [248]=Oop [256]=Oop }
                      ;*invokevirtual initClassName {reexecute=0 rethrow=0 return_oop=0}
                      ; - java.lang.Class::getName@14
                      ; - org.eclipse.osgi.internal.serviceregistry.FilteredServiceListener::serviceChanged@224 (line 129)
  0x0000020d4d8e3530: 4cb2 f806 

  0x0000020d4d8e3534: ;   {other}
  0x0000020d4d8e3534: 0f1f 8400 | 2424 001d 

  0x0000020d4d8e353c: ;   {metadata(method data for {method} {0x0000020d646a7598} 'serviceChanged' '(Lorg/osgi/framework/ServiceEvent;)V' in 'org/eclipse/osgi/internal/serviceregistry/FilteredServiceListener')}
  0x0000020d4d8e353c: 488b f048 | ba50 b58a | 640d 0200 | 0048 8382 | 7807 0000 

  0x0000020d4d8e3550: ;   {metadata(method data for {method} {0x0000020d00455280} 'valueOf' '(Ljava/lang/Object;)Ljava/lang/String;' in 'java/lang/String')}
  0x0000020d4d8e3550: 0148 bab8 | 8609 640d | 0200 008b | bacc 0000 | 0083 c702 | 89ba cc00 | 0000 81e7 | feff 1f00 
  0x0000020d4d8e3570: 85ff 0f84 | 4212 0000 

  0x0000020d4d8e3578: ;   {metadata(method data for {method} {0x0000020d00455280} 'valueOf' '(Ljava/lang/Object;)Ljava/lang/String;' in 'java/lang/String')}
  0x0000020d4d8e3578: 4885 f648 | bab8 8609 | 640d 0200 | 0048 c7c7 | 1001 0000 | 7507 48c7 | c720 0100 | 0048 8b1c 
  0x0000020d4d8e3598: 3a48 8d5b | 0148 891c | 3a0f 851f 

  0x0000020d4d8e35a4: ;   {metadata(method data for {method} {0x0000020d00455280} 'valueOf' '(Ljava/lang/Object;)Ljava/lang/String;' in 'java/lang/String')}
  0x0000020d4d8e35a4: 0000 0048 | bab8 8609 | 640d 0200 | 00ff 8230 

  0x0000020d4d8e35b4: ;   {oop("null"{0x0000000080000b68})}
  0x0000020d4d8e35b4: 0100 0048 | be68 0b00 | 8000 0000 | 00e9 b900 | 0000 483b | 0648 8bd6 

  0x0000020d4d8e35cc: ;   {metadata(method data for {method} {0x0000020d00455280} 'valueOf' '(Ljava/lang/Object;)Ljava/lang/String;' in 'java/lang/String')}
  0x0000020d4d8e35cc: 48bf b886 | 0964 0d02 | 0000 8b52 | 0849 ba00 | 0000 000d | 0200 0049 | 03d2 483b | 9758 0100 
  0x0000020d4d8e35ec: 0075 0d48 | 8387 6001 | 0000 01e9 | 6000 0000 | 483b 9768 | 0100 0075 | 0d48 8387 | 7001 0000 
  0x0000020d4d8e360c: 01e9 4a00 | 0000 4883 | bf58 0100 | 0000 7517 | 4889 9758 | 0100 0048 | c787 6001 | 0000 0100 
  0x0000020d4d8e362c: 0000 e929 | 0000 0048 | 83bf 6801 | 0000 0075 | 1748 8997 | 6801 0000 | 48c7 8770 | 0100 0001 
  0x0000020d4d8e364c: 0000 00e9 | 0800 0000 | 4883 8748 | 0100 0001 | 488b d666 | 0f1f 4400 | 0048 b8ff | ffff ffff 
  0x0000020d4d8e366c: ;   {virtual_call}
  0x0000020d4d8e366c: ffff ffe8 

  0x0000020d4d8e3670: ; ImmutableOopMap {[160]=Oop [248]=Oop [256]=Oop }
                      ;*invokevirtual toString {reexecute=0 rethrow=0 return_oop=0}
                      ; - java.lang.String::valueOf@11
                      ; - org.eclipse.osgi.internal.serviceregistry.FilteredServiceListener::serviceChanged@227 (line 129)
  0x0000020d4d8e3670: 0cb4 f806 

  0x0000020d4d8e3674: ;   {other}
  0x0000020d4d8e3674: 0f1f 8400 | 6425 001e | 488b f048 | 8b84 2400 | 0100 004c 

  0x0000020d4d8e3688: ;   {metadata(method data for {method} {0x0000020d646a7598} 'serviceChanged' '(Lorg/osgi/framework/ServiceEvent;)V' in 'org/eclipse/osgi/internal/serviceregistry/FilteredServiceListener')}
  0x0000020d4d8e3688: 8bc0 48bf | 50b5 8a64 | 0d02 0000 | 4883 8788 | 0700 0001 

  0x0000020d4d8e369c: ;   {metadata(method data for {method} {0x0000020d00461da8} '<init>' '(Ljava/lang/String;)V' in 'java/lang/StringBuilder')}
  0x0000020d4d8e369c: 49b8 58f0 | 3064 0d02 | 0000 418b | b8cc 0000 | 0083 c702 | 4189 b8cc | 0000 0081 | e7fe ff1f 
  0x0000020d4d8e36bc: 0085 ff0f | 841b 1100 | 004c 8bc0 

  0x0000020d4d8e36c8: ;   {metadata(method data for {method} {0x0000020d00461da8} '<init>' '(Ljava/lang/String;)V' in 'java/lang/StringBuilder')}
  0x0000020d4d8e36c8: 48bf 58f0 | 3064 0d02 | 0000 4883 | 8710 0100 | 0001 4c8b | c648 8bd0 | 0f1f 8000 

  0x0000020d4d8e36e4: ;   {optimized virtual_call}
  0x0000020d4d8e36e4: 0000 00e8 

  0x0000020d4d8e36e8: ; ImmutableOopMap {[160]=Oop [248]=Oop [256]=Oop }
                      ;*invokespecial <init> {reexecute=0 rethrow=0 return_oop=0}
                      ; - java.lang.StringBuilder::<init>@2
                      ; - org.eclipse.osgi.internal.serviceregistry.FilteredServiceListener::serviceChanged@230 (line 129)
  0x0000020d4d8e36e8: 94b0 f806 

  0x0000020d4d8e36ec: ;   {other}
  0x0000020d4d8e36ec: 0f1f 8400 | dc25 001f | 488b 8424 | 0001 0000 

  0x0000020d4d8e36fc: ;   {metadata(method data for {method} {0x0000020d646a7598} 'serviceChanged' '(Lorg/osgi/framework/ServiceEvent;)V' in 'org/eclipse/osgi/internal/serviceregistry/FilteredServiceListener')}
  0x0000020d4d8e36fc: 49b8 50b5 | 8a64 0d02 | 0000 4983 | 8098 0700 

  0x0000020d4d8e370c: ;   {metadata(method data for {method} {0x0000020d00461ae8} 'append' '(Ljava/lang/String;)Ljava/lang/StringBuilder;' in 'java/lang/StringBuilder')}
  0x0000020d4d8e370c: 0001 49b8 | 50b3 0064 | 0d02 0000 | 418b 90cc | 0000 0083 | c202 4189 | 90cc 0000 | 0081 e2fe 
  0x0000020d4d8e372c: ff1f 0085 | d20f 84ca | 1000 0048 | 8b84 2400 

  0x0000020d4d8e373c: ;   {metadata(method data for {method} {0x0000020d00461ae8} 'append' '(Ljava/lang/String;)Ljava/lang/StringBuilder;' in 'java/lang/StringBuilder')}
  0x0000020d4d8e373c: 0100 0049 | b850 b300 | 640d 0200 | 0049 8380 | 1001 0000 

  0x0000020d4d8e3750: ;   {oop("@"{0x0000000080006cd0})}
  0x0000020d4d8e3750: 0149 b8d0 | 6c00 8000 | 0000 0048 | 8b94 2400 | 0100 000f 

  0x0000020d4d8e3764: ;   {optimized virtual_call}
  0x0000020d4d8e3764: 1f40 00e8 

  0x0000020d4d8e3768: ; ImmutableOopMap {[160]=Oop [248]=Oop [256]=Oop }
                      ;*invokespecial append {reexecute=0 rethrow=0 return_oop=0}
                      ; - java.lang.StringBuilder::append@2
                      ; - org.eclipse.osgi.internal.serviceregistry.FilteredServiceListener::serviceChanged@235 (line 129)
  0x0000020d4d8e3768: 14b0 f806 

  0x0000020d4d8e376c: ;   {other}
  0x0000020d4d8e376c: 0f1f 8400 | 5c26 0020 | 488b 9424 | a000 0000 

  0x0000020d4d8e377c: ;   {metadata(method data for {method} {0x0000020d646a7598} 'serviceChanged' '(Lorg/osgi/framework/ServiceEvent;)V' in 'org/eclipse/osgi/internal/serviceregistry/FilteredServiceListener')}
  0x0000020d4d8e377c: 8b72 1448 | bf50 b58a | 640d 0200 | 0048 8387 | d007 0000 | 0148 8bd6 

  0x0000020d4d8e3794: ;   {static_call}
  0x0000020d4d8e3794: 6666 90e8 

  0x0000020d4d8e3798: ; ImmutableOopMap {[160]=Oop [248]=Oop [256]=Oop }
                      ;*invokestatic identityHashCode {reexecute=0 rethrow=0 return_oop=0}
                      ; - org.eclipse.osgi.internal.serviceregistry.FilteredServiceListener::serviceChanged@242 (line 130)
  0x0000020d4d8e3798: e4b5 f806 

  0x0000020d4d8e379c: ;   {other}
  0x0000020d4d8e379c: 0f1f 8400 | 8c26 0021 

  0x0000020d4d8e37a4: ;   {metadata(method data for {method} {0x0000020d646a7598} 'serviceChanged' '(Lorg/osgi/framework/ServiceEvent;)V' in 'org/eclipse/osgi/internal/serviceregistry/FilteredServiceListener')}
  0x0000020d4d8e37a4: 48ba 50b5 | 8a64 0d02 | 0000 4883 | 82e0 0700 

  0x0000020d4d8e37b4: ;   {metadata(method data for {method} {0x0000020d00416620} 'toHexString' '(I)Ljava/lang/String;' in 'java/lang/Integer')}
  0x0000020d4d8e37b4: 0001 48ba | c059 3064 | 0d02 0000 | 448b 82cc | 0000 0041 | 83c0 0244 | 8982 cc00 | 0000 4181 
  0x0000020d4d8e37d4: e0fe ff1f | 0045 85c0 | 0f84 4010 

  0x0000020d4d8e37e0: ;   {metadata(method data for {method} {0x0000020d00416620} 'toHexString' '(I)Ljava/lang/String;' in 'java/lang/Integer')}
  0x0000020d4d8e37e0: 0000 48ba | c059 3064 | 0d02 0000 | 4883 8210 | 0100 0001 | 488b d041 | b804 0000 

  0x0000020d4d8e37fc: ;   {static_call}
  0x0000020d4d8e37fc: 0066 90e8 

  0x0000020d4d8e3800: ; ImmutableOopMap {[160]=Oop [248]=Oop [256]=Oop }
                      ;*invokestatic toUnsignedString0 {reexecute=0 rethrow=0 return_oop=0}
                      ; - java.lang.Integer::toHexString@2
                      ; - org.eclipse.osgi.internal.serviceregistry.FilteredServiceListener::serviceChanged@245 (line 130)
  0x0000020d4d8e3800: 7cb5 f806 

  0x0000020d4d8e3804: ;   {other}
  0x0000020d4d8e3804: 0f1f 8400 | f426 0022 | 4c8b 8424 | 0001 0000 

  0x0000020d4d8e3814: ;   {metadata(method data for {method} {0x0000020d646a7598} 'serviceChanged' '(Lorg/osgi/framework/ServiceEvent;)V' in 'org/eclipse/osgi/internal/serviceregistry/FilteredServiceListener')}
  0x0000020d4d8e3814: 48ba 50b5 | 8a64 0d02 | 0000 4883 | 82f0 0700 

  0x0000020d4d8e3824: ;   {metadata(method data for {method} {0x0000020d00461ae8} 'append' '(Ljava/lang/String;)Ljava/lang/StringBuilder;' in 'java/lang/StringBuilder')}
  0x0000020d4d8e3824: 0001 49b8 | 50b3 0064 | 0d02 0000 | 418b 90cc | 0000 0083 | c202 4189 | 90cc 0000 | 0081 e2fe 
  0x0000020d4d8e3844: ff1f 0085 | d20f 84f4 | 0f00 004c | 8b84 2400 

  0x0000020d4d8e3854: ;   {metadata(method data for {method} {0x0000020d00461ae8} 'append' '(Ljava/lang/String;)Ljava/lang/StringBuilder;' in 'java/lang/StringBuilder')}
  0x0000020d4d8e3854: 0100 0048 | ba50 b300 | 640d 0200 | 0048 8382 | 1001 0000 | 014c 8bc0 | 488b 9424 | 0001 0000 
  0x0000020d4d8e3874: ;   {optimized virtual_call}
  0x0000020d4d8e3874: 6666 90e8 

  0x0000020d4d8e3878: ; ImmutableOopMap {[160]=Oop [248]=Oop [256]=Oop }
                      ;*invokespecial append {reexecute=0 rethrow=0 return_oop=0}
                      ; - java.lang.StringBuilder::append@2
                      ; - org.eclipse.osgi.internal.serviceregistry.FilteredServiceListener::serviceChanged@248 (line 130)
  0x0000020d4d8e3878: 04af f806 

  0x0000020d4d8e387c: ;   {other}
  0x0000020d4d8e387c: 0f1f 8400 | 6c27 0023 | 488b 8424 | 0001 0000 

  0x0000020d4d8e388c: ;   {metadata(method data for {method} {0x0000020d646a7598} 'serviceChanged' '(Lorg/osgi/framework/ServiceEvent;)V' in 'org/eclipse/osgi/internal/serviceregistry/FilteredServiceListener')}
  0x0000020d4d8e388c: 48ba 50b5 | 8a64 0d02 | 0000 4883 | 8228 0800 

  0x0000020d4d8e389c: ;   {metadata(method data for {method} {0x0000020d00008958} 'toString' '()Ljava/lang/String;' in 'java/lang/StringBuilder')}
  0x0000020d4d8e389c: 0001 48ba | d8ba 0064 | 0d02 0000 | 8bb2 cc00 | 0000 83c6 | 0289 b2cc | 0000 0081 | e6fe ff1f 
  0x0000020d4d8e38bc: 0085 f60f | 849f 0f00 

  0x0000020d4d8e38c4: ;   {metadata('java/lang/String')}
  0x0000020d4d8e38c4: 0048 ba78 | e800 000d | 0200 0049 | 8b87 b801 | 0000 488d | 7818 493b | bfc8 0100 | 000f 879e 
  0x0000020d4d8e38e4: 0f00 0049 | 89bf b801 | 0000 48c7 | 0001 0000 | 0048 8bca | 49ba 0000 | 0000 0d02 | 0000 492b 
  0x0000020d4d8e3904: ca89 4808 | 4833 c989 | 480c 4833 | c948 8948 | 104c 8bc0 

  0x0000020d4d8e3918: ;   {metadata(method data for {method} {0x0000020d00008958} 'toString' '()Ljava/lang/String;' in 'java/lang/StringBuilder')}
  0x0000020d4d8e3918: 49b9 d8ba | 0064 0d02 | 0000 4983 | 8110 0100 

  0x0000020d4d8e3928: ;   {metadata(method data for {method} {0x0000020d00455dd8} '<init>' '(Ljava/lang/StringBuilder;)V' in 'java/lang/String')}
  0x0000020d4d8e3928: 0001 49b8 | 20bc 0064 | 0d02 0000 | 458b 88cc | 0000 0041 | 83c1 0245 | 8988 cc00 | 0000 4181 
  0x0000020d4d8e3948: e1fe ff1f | 0045 85c9 | 0f84 3c0f | 0000 4c8b 

  0x0000020d4d8e3958: ;   {metadata(method data for {method} {0x0000020d00455dd8} '<init>' '(Ljava/lang/StringBuilder;)V' in 'java/lang/String')}
  0x0000020d4d8e3958: c049 b920 | bc00 640d | 0200 0049 | 8381 1001 | 0000 014c | 8b84 2400 

  0x0000020d4d8e3970: ;   {oop(nullptr)}
  0x0000020d4d8e3970: 0100 0049 | b900 0000 | 0000 0000 | 0048 8bd0 | 4889 8424 | 0801 0000 | 0f1f 8000 

  0x0000020d4d8e398c: ;   {optimized virtual_call}
  0x0000020d4d8e398c: 0000 00e8 

  0x0000020d4d8e3990: ; ImmutableOopMap {[160]=Oop [248]=Oop [264]=Oop }
                      ;*invokespecial <init> {reexecute=0 rethrow=0 return_oop=0}
                      ; - java.lang.String::<init>@3
                      ; - java.lang.StringBuilder::toString@5
                      ; - org.eclipse.osgi.internal.serviceregistry.FilteredServiceListener::serviceChanged@251 (line 129)
  0x0000020d4d8e3990: ecad f806 

  0x0000020d4d8e3994: ;   {other}
  0x0000020d4d8e3994: 0f1f 8400 | 8428 0024 | 488b 9424 | a000 0000 | 8b5a 2090 

  0x0000020d4d8e39a8: ;   {no_reloc}
  0x0000020d4d8e39a8: e915 0f00 | 0000 0000 | 0000 498b | 87b8 0100 | 0048 8d78 | 1849 3bbf | c801 0000 | 0f87 020f 
  0x0000020d4d8e39c8: 0000 4989 | bfb8 0100 | 0048 c700 | 0100 0000 | 488b ca49 | ba00 0000 | 000d 0200 | 0049 2bca 
  0x0000020d4d8e39e8: 8948 0848 | 33c9 8948 | 0c48 33c9 | 4889 4810 

  0x0000020d4d8e39f8: ;   {metadata(method data for {method} {0x0000020d646a7598} 'serviceChanged' '(Lorg/osgi/framework/ServiceEvent;)V' in 'org/eclipse/osgi/internal/serviceregistry/FilteredServiceListener')}
  0x0000020d4d8e39f8: 4c8b c048 | ba50 b58a | 640d 0200 | 0048 8382 | 6008 0000 

  0x0000020d4d8e3a0c: ;   {metadata(method data for {method} {0x0000020d00461da8} '<init>' '(Ljava/lang/String;)V' in 'java/lang/StringBuilder')}
  0x0000020d4d8e3a0c: 0149 b858 | f030 640d | 0200 0041 | 8b90 cc00 | 0000 83c2 | 0241 8990 | cc00 0000 | 81e2 feff 
  0x0000020d4d8e3a2c: 1f00 85d2 | 0f84 a30e | 0000 4c8b 

  0x0000020d4d8e3a38: ;   {metadata(method data for {method} {0x0000020d00461da8} '<init>' '(Ljava/lang/String;)V' in 'java/lang/StringBuilder')}
  0x0000020d4d8e3a38: c048 ba58 | f030 640d | 0200 0048 | 8382 1001 

  0x0000020d4d8e3a48: ;   {oop("dispatchFilteredServiceEvent("{0x0000000080624388})}
  0x0000020d4d8e3a48: 0000 0149 | b888 4362 | 8000 0000 | 0048 8bd0 | 4889 9c24 | 1801 0000 | 4889 8424 | 1001 0000 
  0x0000020d4d8e3a68: 0f1f 8000 

  0x0000020d4d8e3a6c: ;   {optimized virtual_call}
  0x0000020d4d8e3a6c: 0000 00e8 

  0x0000020d4d8e3a70: ; ImmutableOopMap {[160]=Oop [248]=Oop [264]=Oop [272]=Oop [280]=Oop }
                      ;*invokespecial <init> {reexecute=0 rethrow=0 return_oop=0}
                      ; - java.lang.StringBuilder::<init>@2
                      ; - org.eclipse.osgi.internal.serviceregistry.FilteredServiceListener::serviceChanged@267 (line 131)
  0x0000020d4d8e3a70: 0cad f806 

  0x0000020d4d8e3a74: ;   {other}
  0x0000020d4d8e3a74: 0f1f 8400 | 6429 0025 | 488b 8424 | 1001 0000 

  0x0000020d4d8e3a84: ;   {metadata(method data for {method} {0x0000020d646a7598} 'serviceChanged' '(Lorg/osgi/framework/ServiceEvent;)V' in 'org/eclipse/osgi/internal/serviceregistry/FilteredServiceListener')}
  0x0000020d4d8e3a84: 49b8 50b5 | 8a64 0d02 | 0000 4983 | 8070 0800 

  0x0000020d4d8e3a94: ;   {metadata(method data for {method} {0x0000020d00461ae8} 'append' '(Ljava/lang/String;)Ljava/lang/StringBuilder;' in 'java/lang/StringBuilder')}
  0x0000020d4d8e3a94: 0001 49b8 | 50b3 0064 | 0d02 0000 | 418b 90cc | 0000 0083 | c202 4189 | 90cc 0000 | 0081 e2fe 
  0x0000020d4d8e3ab4: ff1f 0085 | d20f 843b | 0e00 0048 | 8b84 2410 

  0x0000020d4d8e3ac4: ;   {metadata(method data for {method} {0x0000020d00461ae8} 'append' '(Ljava/lang/String;)Ljava/lang/StringBuilder;' in 'java/lang/StringBuilder')}
  0x0000020d4d8e3ac4: 0100 0049 | b850 b300 | 640d 0200 | 0049 8380 | 1001 0000 | 014c 8b84 | 2408 0100 | 0048 8b94 
  0x0000020d4d8e3ae4: 2410 0100 | 0066 0f1f 

  0x0000020d4d8e3aec: ;   {optimized virtual_call}
  0x0000020d4d8e3aec: 4400 00e8 

  0x0000020d4d8e3af0: ; ImmutableOopMap {[160]=Oop [248]=Oop [272]=Oop [280]=Oop }
                      ;*invokespecial append {reexecute=0 rethrow=0 return_oop=0}
                      ; - java.lang.StringBuilder::append@2
                      ; - org.eclipse.osgi.internal.serviceregistry.FilteredServiceListener::serviceChanged@271 (line 131)
  0x0000020d4d8e3af0: 8cac f806 

  0x0000020d4d8e3af4: ;   {other}
  0x0000020d4d8e3af4: 0f1f 8400 | e429 0026 | 488b 8424 | 1001 0000 

  0x0000020d4d8e3b04: ;   {metadata(method data for {method} {0x0000020d646a7598} 'serviceChanged' '(Lorg/osgi/framework/ServiceEvent;)V' in 'org/eclipse/osgi/internal/serviceregistry/FilteredServiceListener')}
  0x0000020d4d8e3b04: 49b8 50b5 | 8a64 0d02 | 0000 4983 | 80a8 0800 

  0x0000020d4d8e3b14: ;   {metadata(method data for {method} {0x0000020d00461ae8} 'append' '(Ljava/lang/String;)Ljava/lang/StringBuilder;' in 'java/lang/StringBuilder')}
  0x0000020d4d8e3b14: 0001 49b8 | 50b3 0064 | 0d02 0000 | 418b 90cc | 0000 0083 | c202 4189 | 90cc 0000 | 0081 e2fe 
  0x0000020d4d8e3b34: ff1f 0085 | d20f 84dc | 0d00 0048 | 8b84 2410 

  0x0000020d4d8e3b44: ;   {metadata(method data for {method} {0x0000020d00461ae8} 'append' '(Ljava/lang/String;)Ljava/lang/StringBuilder;' in 'java/lang/StringBuilder')}
  0x0000020d4d8e3b44: 0100 0049 | b850 b300 | 640d 0200 | 0049 8380 | 1001 0000 

  0x0000020d4d8e3b58: ;   {oop(")"{0x0000000080000718})}
  0x0000020d4d8e3b58: 0149 b818 | 0700 8000 | 0000 0048 | 8b94 2410 | 0100 000f 

  0x0000020d4d8e3b6c: ;   {optimized virtual_call}
  0x0000020d4d8e3b6c: 1f40 00e8 

  0x0000020d4d8e3b70: ; ImmutableOopMap {[160]=Oop [248]=Oop [272]=Oop [280]=Oop }
                      ;*invokespecial append {reexecute=0 rethrow=0 return_oop=0}
                      ; - java.lang.StringBuilder::append@2
                      ; - org.eclipse.osgi.internal.serviceregistry.FilteredServiceListener::serviceChanged@276 (line 131)
  0x0000020d4d8e3b70: 0cac f806 

  0x0000020d4d8e3b74: ;   {other}
  0x0000020d4d8e3b74: 0f1f 8400 | 642a 0027 | 488b 8424 | 1001 0000 

  0x0000020d4d8e3b84: ;   {metadata(method data for {method} {0x0000020d646a7598} 'serviceChanged' '(Lorg/osgi/framework/ServiceEvent;)V' in 'org/eclipse/osgi/internal/serviceregistry/FilteredServiceListener')}
  0x0000020d4d8e3b84: 48ba 50b5 | 8a64 0d02 | 0000 4883 | 82e0 0800 

  0x0000020d4d8e3b94: ;   {metadata(method data for {method} {0x0000020d00008958} 'toString' '()Ljava/lang/String;' in 'java/lang/StringBuilder')}
  0x0000020d4d8e3b94: 0001 48ba | d8ba 0064 | 0d02 0000 | 8bb2 cc00 | 0000 83c6 | 0289 b2cc | 0000 0081 | e6fe ff1f 
  0x0000020d4d8e3bb4: 0085 f60f | 847f 0d00 

  0x0000020d4d8e3bbc: ;   {metadata('java/lang/String')}
  0x0000020d4d8e3bbc: 0048 ba78 | e800 000d | 0200 0049 | 8b87 b801 | 0000 488d | 7818 493b | bfc8 0100 | 000f 877e 
  0x0000020d4d8e3bdc: 0d00 0049 | 89bf b801 | 0000 48c7 | 0001 0000 | 0048 8bca | 49ba 0000 | 0000 0d02 | 0000 492b 
  0x0000020d4d8e3bfc: ca89 4808 | 4833 c989 | 480c 4833 | c948 8948 | 104c 8bc0 

  0x0000020d4d8e3c10: ;   {metadata(method data for {method} {0x0000020d00008958} 'toString' '()Ljava/lang/String;' in 'java/lang/StringBuilder')}
  0x0000020d4d8e3c10: 49b9 d8ba | 0064 0d02 | 0000 4983 | 8110 0100 

  0x0000020d4d8e3c20: ;   {metadata(method data for {method} {0x0000020d00455dd8} '<init>' '(Ljava/lang/StringBuilder;)V' in 'java/lang/String')}
  0x0000020d4d8e3c20: 0001 49b8 | 20bc 0064 | 0d02 0000 | 458b 88cc | 0000 0041 | 83c1 0245 | 8988 cc00 | 0000 4181 
  0x0000020d4d8e3c40: e1fe ff1f | 0045 85c9 | 0f84 1c0d | 0000 4c8b 

  0x0000020d4d8e3c50: ;   {metadata(method data for {method} {0x0000020d00455dd8} '<init>' '(Ljava/lang/StringBuilder;)V' in 'java/lang/String')}
  0x0000020d4d8e3c50: c049 b920 | bc00 640d | 0200 0049 | 8381 1001 | 0000 014c | 8b84 2410 

  0x0000020d4d8e3c68: ;   {oop(nullptr)}
  0x0000020d4d8e3c68: 0100 0049 | b900 0000 | 0000 0000 | 0048 8bd0 | 4889 8424 | 2001 0000 | 0f1f 8000 

  0x0000020d4d8e3c84: ;   {optimized virtual_call}
  0x0000020d4d8e3c84: 0000 00e8 

  0x0000020d4d8e3c88: ; ImmutableOopMap {[160]=Oop [248]=Oop [280]=Oop [288]=Oop }
                      ;*invokespecial <init> {reexecute=0 rethrow=0 return_oop=0}
                      ; - java.lang.String::<init>@3
                      ; - java.lang.StringBuilder::toString@5
                      ; - org.eclipse.osgi.internal.serviceregistry.FilteredServiceListener::serviceChanged@279 (line 131)
  0x0000020d4d8e3c88: f4aa f806 

  0x0000020d4d8e3c8c: ;   {other}
  0x0000020d4d8e3c8c: 0f1f 8400 | 7c2b 0028 | 488b 9c24 | 1801 0000 

  0x0000020d4d8e3c9c: ; implicit exception: dispatches to 0x0000020d4d8e498b
  0x0000020d4d8e3c9c: 483b 034c 

  0x0000020d4d8e3ca0: ;   {metadata(method data for {method} {0x0000020d646a7598} 'serviceChanged' '(Lorg/osgi/framework/ServiceEvent;)V' in 'org/eclipse/osgi/internal/serviceregistry/FilteredServiceListener')}
  0x0000020d4d8e3ca0: 8bc3 49b9 | 50b5 8a64 | 0d02 0000 

  0x0000020d4d8e3cac: ;   {metadata('org/eclipse/osgi/internal/debug/Debug')}
  0x0000020d4d8e3cac: 49ba 8009 | 0901 0d02 | 0000 4d89 | 9128 0900 | 0049 8381 | 3009 0000 

  0x0000020d4d8e3cc4: ;   {metadata(method data for {method} {0x0000020d644e53d0} 'trace' '(Ljava/lang/String;Ljava/lang/String;)V' in 'org/eclipse/osgi/internal/debug/Debug')}
  0x0000020d4d8e3cc4: 0149 b818 | ac83 640d | 0200 0045 | 8b88 cc00 | 0000 4183 | c102 4589 | 88cc 0000 | 0041 81e1 
  0x0000020d4d8e3ce4: feff 1f00 | 4585 c90f | 849f 0c00 | 008b 5324 

  0x0000020d4d8e3cf4: ;   {metadata(method data for {method} {0x0000020d644e53d0} 'trace' '(Ljava/lang/String;Ljava/lang/String;)V' in 'org/eclipse/osgi/internal/debug/Debug')}
  0x0000020d4d8e3cf4: 4885 d249 | b818 ac83 | 640d 0200 | 0049 c7c1 | 1001 0000 | 7407 49c7 | c120 0100 | 004b 8b34 
  0x0000020d4d8e3d14: 0848 8d76 | 014b 8934 | 080f 84ff | 0200 0048 | 85d2 0f84 | 2900 0000 

  0x0000020d4d8e3d2c: ;   {metadata('org/eclipse/osgi/internal/log/ExtendedLogServiceImpl')}
  0x0000020d4d8e3d2c: 48bf 4056 | 0901 0d02 | 0000 8b72 | 0849 ba00 | 0000 000d | 0200 0049 | 03f2 483b | 7e38 0f85 
  0x0000020d4d8e3d4c: 610c 0000 | e900 0000 | 004c 8bc2 

  0x0000020d4d8e3d58: ; implicit exception: dispatches to 0x0000020d4d8e49b6
  0x0000020d4d8e3d58: 483b 024c 

  0x0000020d4d8e3d5c: ;   {metadata(method data for {method} {0x0000020d644e53d0} 'trace' '(Ljava/lang/String;Ljava/lang/String;)V' in 'org/eclipse/osgi/internal/debug/Debug')}
  0x0000020d4d8e3d5c: 8bc2 49b9 | 18ac 8364 | 0d02 0000 

  0x0000020d4d8e3d68: ;   {metadata('org/eclipse/osgi/internal/log/ExtendedLogServiceImpl')}
  0x0000020d4d8e3d68: 49ba 4056 | 0901 0d02 | 0000 4d89 | 9140 0100 | 0049 8381 | 4801 0000 

  0x0000020d4d8e3d80: ;   {metadata(method data for {method} {0x0000020d6450ca80} 'getLogger' '(Ljava/lang/String;)Lorg/osgi/service/log/Logger;' in 'org/eclipse/osgi/internal/log/ExtendedLogServiceImpl')}
  0x0000020d4d8e3d80: 0149 b858 | ae83 640d | 0200 0045 | 8b88 cc00 | 0000 4183 | c102 4589 | 88cc 0000 | 0041 81e1 
  0x0000020d4d8e3da0: feff 1f00 | 4585 c90f | 840e 0c00 | 004c 8bc2 

  0x0000020d4d8e3db0: ;   {metadata(method data for {method} {0x0000020d6450ca80} 'getLogger' '(Ljava/lang/String;)Lorg/osgi/service/log/Logger;' in 'org/eclipse/osgi/internal/log/ExtendedLogServiceImpl')}
  0x0000020d4d8e3db0: 49b9 58ae | 8364 0d02 

  0x0000020d4d8e3db8: ;   {metadata('org/eclipse/osgi/internal/log/ExtendedLogServiceImpl')}
  0x0000020d4d8e3db8: 0000 49ba | 4056 0901 | 0d02 0000 | 4d89 9120 | 0100 0049 | 8381 2801 

  0x0000020d4d8e3dd0: ;   {metadata(method data for {method} {0x0000020d6450a308} 'getLogger' '(Ljava/lang/String;)Lorg/eclipse/equinox/log/Logger;' in 'org/eclipse/osgi/internal/log/ExtendedLogServiceImpl')}
  0x0000020d4d8e3dd0: 0000 0149 | b8e8 af83 | 640d 0200 | 0045 8b88 | cc00 0000 | 4183 c102 | 4589 88cc | 0000 0041 
  0x0000020d4d8e3df0: 81e1 feff | 1f00 4585 | c90f 84dd | 0b00 004c 

  0x0000020d4d8e3e00: ;   {metadata(method data for {method} {0x0000020d6450a308} 'getLogger' '(Ljava/lang/String;)Lorg/eclipse/equinox/log/Logger;' in 'org/eclipse/osgi/internal/log/ExtendedLogServiceImpl')}
  0x0000020d4d8e3e00: 8bc2 49b9 | e8af 8364 | 0d02 0000 

  0x0000020d4d8e3e0c: ;   {metadata('org/eclipse/osgi/internal/log/ExtendedLogServiceImpl')}
  0x0000020d4d8e3e0c: 49ba 4056 | 0901 0d02 | 0000 4d89 | 9120 0100 | 0049 8381 | 2801 0000 

  0x0000020d4d8e3e24: ;   {oop("org.eclipse.osgi/debug/events"{0x00000000d72299b0})}
  0x0000020d4d8e3e24: 0149 b8b0 | 9922 d700 

  0x0000020d4d8e3e2c: ;   {oop(a 'java/lang/Class'{0x00000000d7224000} = 'org/osgi/service/log/Logger')}
  0x0000020d4d8e3e2c: 0000 0049 | b900 4022 | d700 0000 | 0066 0f1f 

  0x0000020d4d8e3e3c: ;   {optimized virtual_call}
  0x0000020d4d8e3e3c: 4400 00e8 

  0x0000020d4d8e3e40: ; ImmutableOopMap {[160]=Oop [248]=Oop [288]=Oop }
                      ;*invokevirtual getLogger {reexecute=0 rethrow=0 return_oop=0}
                      ; - org.eclipse.osgi.internal.log.ExtendedLogServiceImpl::getLogger@4 (line 73)
                      ; - org.eclipse.osgi.internal.log.ExtendedLogServiceImpl::getLogger@2 (line 1)
                      ; - org.eclipse.osgi.internal.debug.Debug::trace@11 (line 265)
                      ; - org.eclipse.osgi.internal.serviceregistry.FilteredServiceListener::serviceChanged@282 (line 131)
  0x0000020d4d8e3e40: 3ca9 f806 

  0x0000020d4d8e3e44: ;   {other}
  0x0000020d4d8e3e44: 0f1f 8400 | 342d 0029 | 4885 c075 

  0x0000020d4d8e3e50: ;   {metadata(method data for {method} {0x0000020d6450a308} 'getLogger' '(Ljava/lang/String;)Lorg/eclipse/equinox/log/Logger;' in 'org/eclipse/osgi/internal/log/ExtendedLogServiceImpl')}
  0x0000020d4d8e3e50: 1648 bee8 | af83 640d | 0200 0080 | 8e41 0100 | 0001 e9e7 

  0x0000020d4d8e3e64: ;   {metadata('org/eclipse/equinox/log/Logger')}
  0x0000020d4d8e3e64: 0000 0048 | bff8 2909 | 010d 0200 | 008b 7008 | 49ba 0000 | 0000 0d02 | 0000 4903 | f248 3b7e 
  0x0000020d4d8e3e84: 200f 841a | 0000 0048 | 3bf7 0f84 | 1100 0000 

  0x0000020d4d8e3e94: ;   {runtime_call slow_subtype_check Runtime1 stub}
  0x0000020d4d8e3e94: 5657 e865 | db03 075e | 5e85 f60f | 848d 0000 

  0x0000020d4d8e3ea4: ;   {metadata(method data for {method} {0x0000020d6450a308} 'getLogger' '(Ljava/lang/String;)Lorg/eclipse/equinox/log/Logger;' in 'org/eclipse/osgi/internal/log/ExtendedLogServiceImpl')}
  0x0000020d4d8e3ea4: 0048 bee8 | af83 640d | 0200 008b | 7808 49ba | 0000 0000 | 0d02 0000 | 4903 fa48 | 3bbe 5801 
  0x0000020d4d8e3ec4: 0000 750d | 4883 8660 | 0100 0001 | e979 0000 | 0048 3bbe | 6801 0000 | 750d 4883 | 8670 0100 
  0x0000020d4d8e3ee4: 0001 e963 | 0000 0048 | 83be 5801 | 0000 0075 | 1748 89be | 5801 0000 | 48c7 8660 | 0100 0001 
  0x0000020d4d8e3f04: 0000 00e9 | 4200 0000 | 4883 be68 | 0100 0000 | 7517 4889 | be68 0100 | 0048 c786 | 7001 0000 
  0x0000020d4d8e3f24: 0100 0000 | e921 0000 | 00e9 1c00 

  0x0000020d4d8e3f30: ;   {metadata(method data for {method} {0x0000020d6450a308} 'getLogger' '(Ljava/lang/String;)Lorg/eclipse/equinox/log/Logger;' in 'org/eclipse/osgi/internal/log/ExtendedLogServiceImpl')}
  0x0000020d4d8e3f30: 0000 48be | e8af 8364 | 0d02 0000 | 4883 ae48 | 0100 0001 | e9b4 0a00 | 00e9 0000 | 0000 488b 
  0x0000020d4d8e3f50: d048 3b02 

  0x0000020d4d8e3f54: ;   {metadata(method data for {method} {0x0000020d644e53d0} 'trace' '(Ljava/lang/String;Ljava/lang/String;)V' in 'org/eclipse/osgi/internal/debug/Debug')}
  0x0000020d4d8e3f54: 4c8b c248 | be18 ac83 | 640d 0200 | 0045 8b40 | 0849 ba00 | 0000 000d | 0200 004d | 03c2 4c3b 
  0x0000020d4d8e3f74: 8678 0100 | 0075 0d48 | 8386 8001 | 0000 01e9 | 6000 0000 | 4c3b 8688 | 0100 0075 | 0d48 8386 
  0x0000020d4d8e3f94: 9001 0000 | 01e9 4a00 | 0000 4883 | be78 0100 | 0000 7517 | 4c89 8678 | 0100 0048 | c786 8001 
  0x0000020d4d8e3fb4: 0000 0100 | 0000 e929 | 0000 0048 | 83be 8801 | 0000 0075 | 174c 8986 | 8801 0000 | 48c7 8690 
  0x0000020d4d8e3fd4: 0100 0001 | 0000 00e9 | 0800 0000 | 4883 8668 | 0100 0001 | 4c8b 8424 | 2001 0000 | 0f1f 4400 
  0x0000020d4d8e3ff4: 0048 b8ff | ffff ffff 

  0x0000020d4d8e3ffc: ;   {virtual_call}
  0x0000020d4d8e3ffc: ffff ffe8 

  0x0000020d4d8e4000: ; ImmutableOopMap {[160]=Oop [248]=Oop }
                      ;*invokeinterface debug {reexecute=0 rethrow=0 return_oop=0}
                      ; - org.eclipse.osgi.internal.debug.Debug::trace@17 (line 265)
                      ; - org.eclipse.osgi.internal.serviceregistry.FilteredServiceListener::serviceChanged@282 (line 131)
  0x0000020d4d8e4000: 7caa f806 

  0x0000020d4d8e4004: ;   {other}
  0x0000020d4d8e4004: 0f1f 8400 | f42e 002a 

  0x0000020d4d8e400c: ;   {metadata(method data for {method} {0x0000020d644e53d0} 'trace' '(Ljava/lang/String;Ljava/lang/String;)V' in 'org/eclipse/osgi/internal/debug/Debug')}
  0x0000020d4d8e400c: 49b8 18ac | 8364 0d02 | 0000 41ff | 80a0 0100 | 00e9 5200 | 0000 488b | 8424 2001 

  0x0000020d4d8e4028: ;   {oop(a 'java/lang/Class'{0x00000000d7224f68} = 'org/eclipse/osgi/internal/debug/Debug')}
  0x0000020d4d8e4028: 0000 49b8 | 684f 22d7 | 0000 0000 | 418b 90d0 | 0000 0048 | 3b02 4c8b 

  0x0000020d4d8e4040: ;   {metadata(method data for {method} {0x0000020d644e53d0} 'trace' '(Ljava/lang/String;Ljava/lang/String;)V' in 'org/eclipse/osgi/internal/debug/Debug')}
  0x0000020d4d8e4040: c248 be18 | ac83 640d 

  0x0000020d4d8e4048: ;   {metadata('java/io/PrintStream')}
  0x0000020d4d8e4048: 0200 0049 | bac8 a300 | 000d 0200 | 004c 8996 | c801 0000 | 4883 86d0 | 0100 0001 

  0x0000020d4d8e4064: ;   {optimized virtual_call}
  0x0000020d4d8e4064: 4c8b c0e8 

  0x0000020d4d8e4068: ; ImmutableOopMap {[160]=Oop [248]=Oop }
                      ;*invokevirtual println {reexecute=0 rethrow=0 return_oop=0}
                      ; - org.eclipse.osgi.internal.debug.Debug::trace@29 (line 267)
                      ; - org.eclipse.osgi.internal.serviceregistry.FilteredServiceListener::serviceChanged@282 (line 131)
  0x0000020d4d8e4068: 14a7 f806 

  0x0000020d4d8e406c: ;   {other}
  0x0000020d4d8e406c: 0f1f 8400 | 5c2f 002b | 488b 8424 | f800 0000 | 488b 9424 | a000 0000 | 8b52 1448 | 3b02 4c8b 
  0x0000020d4d8e408c: ;   {metadata(method data for {method} {0x0000020d646a7598} 'serviceChanged' '(Lorg/osgi/framework/ServiceEvent;)V' in 'org/eclipse/osgi/internal/serviceregistry/FilteredServiceListener')}
  0x0000020d4d8e408c: c248 be50 | b58a 640d | 0200 0045 | 8b40 0849 | ba00 0000 | 000d 0200 | 004d 03c2 | 4c3b 8660 
  0x0000020d4d8e40ac: 0900 0075 | 0d48 8386 | 6809 0000 | 01e9 6000 | 0000 4c3b | 8670 0900 | 0075 0d48 | 8386 7809 
  0x0000020d4d8e40cc: 0000 01e9 | 4a00 0000 | 4883 be60 | 0900 0000 | 7517 4c89 | 8660 0900 | 0048 c786 | 6809 0000 
  0x0000020d4d8e40ec: 0100 0000 | e929 0000 | 0048 83be | 7009 0000 | 0075 174c | 8986 7009 | 0000 48c7 | 8678 0900 
  0x0000020d4d8e410c: 0001 0000 | 00e9 0800 | 0000 4883 | 8650 0900 | 0001 4c8b | c00f 1f40 | 0048 b830 | 4fa4 680d 
  0x0000020d4d8e412c: ;   {virtual_call}
  0x0000020d4d8e412c: 0200 00e8 

  0x0000020d4d8e4130: ; ImmutableOopMap {}
                      ;*invokeinterface serviceChanged {reexecute=0 rethrow=0 return_oop=0}
                      ; - org.eclipse.osgi.internal.serviceregistry.FilteredServiceListener::serviceChanged@290 (line 134)
  0x0000020d4d8e4130: dc2c 0407 

  0x0000020d4d8e4134: ;   {other}
  0x0000020d4d8e4134: 0f1f 8400 | 2430 002c | 4881 c440 | 0100 005d 

  0x0000020d4d8e4144: ;   {poll_return}
  0x0000020d4d8e4144: 493b a750 | 0400 000f | 87c4 0800 | 00c3 4881 | c440 0100 

  0x0000020d4d8e4158: ;   {poll_return}
  0x0000020d4d8e4158: 005d 493b | a750 0400 | 000f 87c4 | 0800 00c3 | 4881 c440 | 0100 005d 

  0x0000020d4d8e4170: ;   {poll_return}
  0x0000020d4d8e4170: 493b a750 | 0400 000f | 87c4 0800 | 00c3 4881 | c440 0100 

  0x0000020d4d8e4184: ;   {poll_return}
  0x0000020d4d8e4184: 005d 493b | a750 0400 | 000f 87c4 | 0800 00c3 | 498b 8700 | 0500 004d | 33d2 4d89 | 9700 0500 
  0x0000020d4d8e41a4: 004d 33d2 | 4d89 9708 | 0500 0048 | 8bf0 488d | 8424 2801 | 0000 488b | 3848 85ff | 0f84 0f00 
  0x0000020d4d8e41c4: 0000 488b | 5808 f048 | 0fb1 3b0f | 8598 0800 | 0049 ff8f | 5005 0000 | 488b c6e9 | bc08 0000 
  0x0000020d4d8e41e4: ;   {metadata({method} {0x0000020d646a7598} 'serviceChanged' '(Lorg/osgi/framework/ServiceEvent;)V' in 'org/eclipse/osgi/internal/serviceregistry/FilteredServiceListener')}
  0x0000020d4d8e41e4: 49ba 9075 | 6a64 0d02 | 0000 4c89 | 5424 0848 | c704 24ff 

  0x0000020d4d8e41f8: ;   {runtime_call counter_overflow Runtime1 stub}
  0x0000020d4d8e41f8: ffff ffe8 

  0x0000020d4d8e41fc: ; ImmutableOopMap {rdx=Oop r8=Oop [160]=Oop }
                      ;*synchronization entry
                      ; - org.eclipse.osgi.internal.serviceregistry.FilteredServiceListener::serviceChanged@-1 (line 96)
  0x0000020d4d8e41fc: 8005 0407 | e989 d6ff 

  0x0000020d4d8e4204: ;   {runtime_call throw_null_pointer_exception Runtime1 stub}
  0x0000020d4d8e4204: ffe8 f69e 

  0x0000020d4d8e4208: ; ImmutableOopMap {rdx=Oop r8=Oop [160]=Oop }
                      ;*invokevirtual getServiceReference {reexecute=0 rethrow=0 return_oop=0}
                      ; - org.eclipse.osgi.internal.serviceregistry.FilteredServiceListener::serviceChanged@1 (line 96)
  0x0000020d4d8e4208: 0307 4889 

  0x0000020d4d8e420c: ;   {runtime_call throw_class_cast_exception Runtime1 stub}
  0x0000020d4d8e420c: 3424 e8ed 

  0x0000020d4d8e4210: ; ImmutableOopMap {rdx=Oop r8=Oop [160]=Oop }
                      ;*checkcast {reexecute=0 rethrow=0 return_oop=0}
                      ; - org.eclipse.osgi.internal.serviceregistry.FilteredServiceListener::serviceChanged@4 (line 96)
                      ;   {runtime_call throw_null_pointer_exception Runtime1 stub}
  0x0000020d4d8e4210: d103 07e8 

  0x0000020d4d8e4214: ; ImmutableOopMap {rdx=Oop r8=Oop rsi=Oop rdi=Oop [160]=Oop [168]=Oop }
                      ;*invokevirtual getClasses {reexecute=0 rethrow=0 return_oop=0}
                      ; - org.eclipse.osgi.internal.serviceregistry.FilteredServiceListener::serviceChanged@16 (line 101)
  0x0000020d4d8e4214: e89e 0307 

  0x0000020d4d8e4218: ;   {metadata({method} {0x0000020d646b5ae8} 'getClasses' '()[Ljava/lang/String;' in 'org/eclipse/osgi/internal/serviceregistry/ServiceReferenceImpl')}
  0x0000020d4d8e4218: 49ba e05a | 6b64 0d02 | 0000 4c89 | 5424 0848 | c704 24ff 

  0x0000020d4d8e422c: ;   {runtime_call counter_overflow Runtime1 stub}
  0x0000020d4d8e422c: ffff ffe8 

  0x0000020d4d8e4230: ; ImmutableOopMap {rdx=Oop r8=Oop rsi=Oop rdi=Oop [160]=Oop [168]=Oop }
                      ;*synchronization entry
                      ; - org.eclipse.osgi.internal.serviceregistry.ServiceReferenceImpl::getClasses@-1 (line 288)
                      ; - org.eclipse.osgi.internal.serviceregistry.FilteredServiceListener::serviceChanged@16 (line 101)
  0x0000020d4d8e4230: 4c05 0407 | e95f d8ff 

  0x0000020d4d8e4238: ;   {runtime_call throw_null_pointer_exception Runtime1 stub}
  0x0000020d4d8e4238: ffe8 c29e 

  0x0000020d4d8e423c: ; ImmutableOopMap {rdx=Oop r8=Oop rsi=Oop rdi=Oop rbx=Oop [160]=Oop [168]=Oop }
                      ;*invokevirtual getClasses {reexecute=0 rethrow=0 return_oop=0}
                      ; - org.eclipse.osgi.internal.serviceregistry.ServiceReferenceImpl::getClasses@4 (line 288)
                      ; - org.eclipse.osgi.internal.serviceregistry.FilteredServiceListener::serviceChanged@16 (line 101)
                      ;   {runtime_call throw_null_pointer_exception Runtime1 stub}
  0x0000020d4d8e423c: 0307 e8bd 

  0x0000020d4d8e4240: ; ImmutableOopMap {rdx=Oop r8=Oop rsi=Oop rdi=Oop rbx=Oop [160]=Oop [168]=Oop }
                      ;*arraylength {reexecute=0 rethrow=0 return_oop=0}
                      ; - org.eclipse.osgi.internal.serviceregistry.FilteredServiceListener::serviceChanged@21 (line 102)
                      ;   {metadata({method} {0x0000020d646a7598} 'serviceChanged' '(Lorg/osgi/framework/ServiceEvent;)V' in 'org/eclipse/osgi/internal/serviceregistry/FilteredServiceListener')}
  0x0000020d4d8e4240: 9e03 0749 | ba90 756a | 640d 0200 | 004c 8954 | 2408 48c7 | 0424 3300 

  0x0000020d4d8e4258: ;   {runtime_call counter_overflow Runtime1 stub}
  0x0000020d4d8e4258: 0000 e821 

  0x0000020d4d8e425c: ; ImmutableOopMap {rdx=Oop r8=Oop rsi=Oop rdi=Oop rbx=Oop [160]=Oop [168]=Oop }
                      ;*if_icmplt {reexecute=1 rethrow=0 return_oop=0}
                      ; - (reexecute) org.eclipse.osgi.internal.serviceregistry.FilteredServiceListener::serviceChanged@51 (line 103)
  0x0000020d4d8e425c: 0504 07e9 | 73d9 ffff 

  0x0000020d4d8e4264: ;   {internal_word}
  0x0000020d4d8e4264: 49ba 171c | 8e4d 0d02 | 0000 4d89 | 9768 0400 

  0x0000020d4d8e4274: ;   {runtime_call SafepointBlob}
  0x0000020d4d8e4274: 00e9 8608 

  0x0000020d4d8e4278: ;   {runtime_call throw_null_pointer_exception Runtime1 stub}
  0x0000020d4d8e4278: f906 e881 

  0x0000020d4d8e427c: ; ImmutableOopMap {rdx=Oop [160]=Oop [168]=Oop [176]=Oop }
                      ;*getfield DEBUG_EVENTS {reexecute=1 rethrow=0 return_oop=0}
                      ; - (reexecute) org.eclipse.osgi.internal.serviceregistry.FilteredServiceListener::serviceChanged@71 (line 117)
                      ;   {metadata(nullptr)}
  0x0000020d4d8e427c: 9e03 0748 | ba00 0000 | 0000 0000 | 00b8 000f 

  0x0000020d4d8e428c: ;   {runtime_call load_klass_patching Runtime1 stub}
  0x0000020d4d8e428c: 050a e86d 

  0x0000020d4d8e4290: ; ImmutableOopMap {rbx=Oop [160]=Oop [168]=Oop [176]=Oop }
                      ;*new {reexecute=1 rethrow=0 return_oop=0}
                      ; - (reexecute) org.eclipse.osgi.internal.serviceregistry.FilteredServiceListener::serviceChanged@77 (line 118)
  0x0000020d4d8e4290: e303 07e9 | 48da ffff 

  0x0000020d4d8e4298: ;   {runtime_call fast_new_instance Runtime1 stub}
  0x0000020d4d8e4298: 488b d2e8 

  0x0000020d4d8e429c: ; ImmutableOopMap {rbx=Oop [160]=Oop [168]=Oop [176]=Oop }
                      ;*new {reexecute=0 rethrow=0 return_oop=0}
                      ; - org.eclipse.osgi.internal.serviceregistry.FilteredServiceListener::serviceChanged@77 (line 118)
  0x0000020d4d8e429c: 60aa 0307 | e98b daff 

  0x0000020d4d8e42a4: ;   {runtime_call throw_null_pointer_exception Runtime1 stub}
  0x0000020d4d8e42a4: ffe8 569e 

  0x0000020d4d8e42a8: ; ImmutableOopMap {rbx=Oop rax=Oop rdx=Oop [160]=Oop [168]=Oop [176]=Oop [184]=Oop }
                      ;*invokevirtual getName {reexecute=0 rethrow=0 return_oop=0}
                      ; - org.eclipse.osgi.internal.serviceregistry.FilteredServiceListener::serviceChanged@85 (line 118)
                      ;   {metadata({method} {0x0000020d00469ad8} 'getName' '()Ljava/lang/String;' in 'java/lang/Class')}
  0x0000020d4d8e42a8: 0307 49ba | d09a 4600 | 0d02 0000 | 4c89 5424 | 0848 c704 | 24ff ffff 

  0x0000020d4d8e42c0: ;   {runtime_call counter_overflow Runtime1 stub}
  0x0000020d4d8e42c0: ffe8 ba04 

  0x0000020d4d8e42c4: ; ImmutableOopMap {rbx=Oop rax=Oop rdx=Oop [160]=Oop [168]=Oop [176]=Oop [184]=Oop }
                      ;*synchronization entry
                      ; - java.lang.Class::getName@-1
                      ; - org.eclipse.osgi.internal.serviceregistry.FilteredServiceListener::serviceChanged@85 (line 118)
  0x0000020d4d8e42c4: 0407 e9d8 

  0x0000020d4d8e42c8: ;   {metadata({method} {0x0000020d00455280} 'valueOf' '(Ljava/lang/Object;)Ljava/lang/String;' in 'java/lang/String')}
  0x0000020d4d8e42c8: daff ff49 | ba78 5245 | 000d 0200 | 004c 8954 | 2408 48c7 | 0424 ffff 

  0x0000020d4d8e42e0: ;   {runtime_call counter_overflow Runtime1 stub}
  0x0000020d4d8e42e0: ffff e899 

  0x0000020d4d8e42e4: ; ImmutableOopMap {rsi=Oop [160]=Oop [168]=Oop [176]=Oop [184]=Oop }
                      ;*synchronization entry
                      ; - java.lang.String::valueOf@-1
                      ; - org.eclipse.osgi.internal.serviceregistry.FilteredServiceListener::serviceChanged@88 (line 118)
  0x0000020d4d8e42e4: 0404 07e9 | 5cdb ffff 

  0x0000020d4d8e42ec: ;   {runtime_call throw_null_pointer_exception Runtime1 stub}
  0x0000020d4d8e42ec: e80f 9e03 

  0x0000020d4d8e42f0: ; ImmutableOopMap {rsi=Oop [160]=Oop [168]=Oop [176]=Oop [184]=Oop }
                      ;*invokevirtual toString {reexecute=0 rethrow=0 return_oop=0}
                      ; - java.lang.String::valueOf@11
                      ; - org.eclipse.osgi.internal.serviceregistry.FilteredServiceListener::serviceChanged@88 (line 118)
                      ;   {metadata({method} {0x0000020d00461da8} '<init>' '(Ljava/lang/String;)V' in 'java/lang/StringBuilder')}
  0x0000020d4d8e42f0: 0749 baa0 | 1d46 000d | 0200 004c | 8954 2408 | 48c7 0424 | ffff ffff 

  0x0000020d4d8e4308: ;   {runtime_call counter_overflow Runtime1 stub}
  0x0000020d4d8e4308: e873 0404 

  0x0000020d4d8e430c: ; ImmutableOopMap {rsi=Oop rax=Oop [160]=Oop [168]=Oop [176]=Oop [184]=Oop }
                      ;*synchronization entry
                      ; - java.lang.StringBuilder::<init>@-1
                      ; - org.eclipse.osgi.internal.serviceregistry.FilteredServiceListener::serviceChanged@91 (line 118)
  0x0000020d4d8e430c: 07e9 83dc 

  0x0000020d4d8e4310: ;   {metadata({method} {0x0000020d00461ae8} 'append' '(Ljava/lang/String;)Ljava/lang/StringBuilder;' in 'java/lang/StringBuilder')}
  0x0000020d4d8e4310: ffff 49ba | e01a 4600 | 0d02 0000 | 4c89 5424 | 0848 c704 | 24ff ffff 

  0x0000020d4d8e4328: ;   {runtime_call counter_overflow Runtime1 stub}
  0x0000020d4d8e4328: ffe8 5204 

  0x0000020d4d8e432c: ; ImmutableOopMap {[160]=Oop [168]=Oop [176]=Oop [184]=Oop }
                      ;*synchronization entry
                      ; - java.lang.StringBuilder::append@-1
                      ; - org.eclipse.osgi.internal.serviceregistry.FilteredServiceListener::serviceChanged@96 (line 118)
  0x0000020d4d8e432c: 0407 e9d4 

  0x0000020d4d8e4330: ;   {metadata({method} {0x0000020d00416620} 'toHexString' '(I)Ljava/lang/String;' in 'java/lang/Integer')}
  0x0000020d4d8e4330: dcff ff49 | ba18 6641 | 000d 0200 | 004c 8954 | 2408 48c7 | 0424 ffff 

  0x0000020d4d8e4348: ;   {runtime_call counter_overflow Runtime1 stub}
  0x0000020d4d8e4348: ffff e831 

  0x0000020d4d8e434c: ; ImmutableOopMap {[160]=Oop [168]=Oop [176]=Oop [184]=Oop }
                      ;*synchronization entry
                      ; - java.lang.Integer::toHexString@-1
                      ; - org.eclipse.osgi.internal.serviceregistry.FilteredServiceListener::serviceChanged@103 (line 118)
  0x0000020d4d8e434c: 0404 07e9 | 56dd ffff 

  0x0000020d4d8e4354: ;   {metadata({method} {0x0000020d00461ae8} 'append' '(Ljava/lang/String;)Ljava/lang/StringBuilder;' in 'java/lang/StringBuilder')}
  0x0000020d4d8e4354: 49ba e01a | 4600 0d02 | 0000 4c89 | 5424 0848 | c704 24ff 

  0x0000020d4d8e4368: ;   {runtime_call counter_overflow Runtime1 stub}
  0x0000020d4d8e4368: ffff ffe8 

  0x0000020d4d8e436c: ; ImmutableOopMap {rax=Oop [160]=Oop [168]=Oop [176]=Oop [184]=Oop }
                      ;*synchronization entry
                      ; - java.lang.StringBuilder::append@-1
                      ; - org.eclipse.osgi.internal.serviceregistry.FilteredServiceListener::serviceChanged@106 (line 118)
  0x0000020d4d8e436c: 1004 0407 | e9a2 ddff 

  0x0000020d4d8e4374: ;   {metadata({method} {0x0000020d00008958} 'toString' '()Ljava/lang/String;' in 'java/lang/StringBuilder')}
  0x0000020d4d8e4374: ff49 ba50 | 8900 000d | 0200 004c | 8954 2408 | 48c7 0424 | ffff ffff 

  0x0000020d4d8e438c: ;   {runtime_call counter_overflow Runtime1 stub}
  0x0000020d4d8e438c: e8ef 0304 

  0x0000020d4d8e4390: ; ImmutableOopMap {[160]=Oop [168]=Oop [176]=Oop [184]=Oop }
                      ;*synchronization entry
                      ; - java.lang.StringBuilder::toString@-1
                      ; - org.eclipse.osgi.internal.serviceregistry.FilteredServiceListener::serviceChanged@109 (line 118)
  0x0000020d4d8e4390: 07e9 f7dd | ffff 488b 

  0x0000020d4d8e4398: ;   {runtime_call fast_new_instance Runtime1 stub}
  0x0000020d4d8e4398: d2e8 62a9 

  0x0000020d4d8e439c: ; ImmutableOopMap {[160]=Oop [168]=Oop [176]=Oop [184]=Oop }
                      ;*new {reexecute=0 rethrow=0 return_oop=0}
                      ; - java.lang.StringBuilder::toString@0
                      ; - org.eclipse.osgi.internal.serviceregistry.FilteredServiceListener::serviceChanged@109 (line 118)
  0x0000020d4d8e439c: 0307 e93a 

  0x0000020d4d8e43a0: ;   {metadata({method} {0x0000020d00455dd8} '<init>' '(Ljava/lang/StringBuilder;)V' in 'java/lang/String')}
  0x0000020d4d8e43a0: deff ff49 | bad0 5d45 | 000d 0200 | 004c 8954 | 2408 48c7 | 0424 ffff 

  0x0000020d4d8e43b8: ;   {runtime_call counter_overflow Runtime1 stub}
  0x0000020d4d8e43b8: ffff e8c1 

  0x0000020d4d8e43bc: ; ImmutableOopMap {rax=Oop [160]=Oop [168]=Oop [176]=Oop [184]=Oop }
                      ;*synchronization entry
                      ; - java.lang.String::<init>@-1
                      ; - java.lang.StringBuilder::toString@5
                      ; - org.eclipse.osgi.internal.serviceregistry.FilteredServiceListener::serviceChanged@109 (line 118)
  0x0000020d4d8e43bc: 0304 07e9 | 5ade ffff 

  0x0000020d4d8e43c4: ;   {metadata(nullptr)}
  0x0000020d4d8e43c4: 48ba 0000 | 0000 0000 | 0000 b800 

  0x0000020d4d8e43d0: ;   {runtime_call load_klass_patching Runtime1 stub}
  0x0000020d4d8e43d0: 0f05 0ae8 

  0x0000020d4d8e43d4: ; ImmutableOopMap {rbx=Oop [160]=Oop [168]=Oop [176]=Oop [192]=Oop [208]=Oop }
                      ;*new {reexecute=1 rethrow=0 return_oop=0}
                      ; - (reexecute) org.eclipse.osgi.internal.serviceregistry.FilteredServiceListener::serviceChanged@119 (line 119)
  0x0000020d4d8e43d4: 28e2 0307 | e99b deff | ff48 8bd2 

  0x0000020d4d8e43e0: ;   {runtime_call fast_new_instance Runtime1 stub}
  0x0000020d4d8e43e0: e81b a903 

  0x0000020d4d8e43e4: ; ImmutableOopMap {rbx=Oop [160]=Oop [168]=Oop [176]=Oop [192]=Oop [208]=Oop }
                      ;*new {reexecute=0 rethrow=0 return_oop=0}
                      ; - org.eclipse.osgi.internal.serviceregistry.FilteredServiceListener::serviceChanged@119 (line 119)
  0x0000020d4d8e43e4: 07e9 dede 

  0x0000020d4d8e43e8: ;   {metadata({method} {0x0000020d00461da8} '<init>' '(Ljava/lang/String;)V' in 'java/lang/StringBuilder')}
  0x0000020d4d8e43e8: ffff 49ba | a01d 4600 | 0d02 0000 | 4c89 5424 | 0848 c704 | 24ff ffff 

  0x0000020d4d8e4400: ;   {runtime_call counter_overflow Runtime1 stub}
  0x0000020d4d8e4400: ffe8 7a03 

  0x0000020d4d8e4404: ; ImmutableOopMap {rbx=Oop rax=Oop [160]=Oop [168]=Oop [176]=Oop [192]=Oop [200]=Oop [208]=Oop }
                      ;*synchronization entry
                      ; - java.lang.StringBuilder::<init>@-1
                      ; - org.eclipse.osgi.internal.serviceregistry.FilteredServiceListener::serviceChanged@125 (line 119)
  0x0000020d4d8e4404: 0407 e903 

  0x0000020d4d8e4408: ;   {metadata({method} {0x0000020d00461ae8} 'append' '(Ljava/lang/String;)Ljava/lang/StringBuilder;' in 'java/lang/StringBuilder')}
  0x0000020d4d8e4408: dfff ff49 | bae0 1a46 | 000d 0200 | 004c 8954 | 2408 48c7 | 0424 ffff 

  0x0000020d4d8e4420: ;   {runtime_call counter_overflow Runtime1 stub}
  0x0000020d4d8e4420: ffff e859 

  0x0000020d4d8e4424: ; ImmutableOopMap {[160]=Oop [168]=Oop [176]=Oop [192]=Oop [200]=Oop [208]=Oop }
                      ;*synchronization entry
                      ; - java.lang.StringBuilder::append@-1
                      ; - org.eclipse.osgi.internal.serviceregistry.FilteredServiceListener::serviceChanged@129 (line 119)
  0x0000020d4d8e4424: 0304 07e9 | 5bdf ffff 

  0x0000020d4d8e442c: ;   {metadata({method} {0x0000020d00461ae8} 'append' '(Ljava/lang/String;)Ljava/lang/StringBuilder;' in 'java/lang/StringBuilder')}
  0x0000020d4d8e442c: 49ba e01a | 4600 0d02 | 0000 4c89 | 5424 0848 | c704 24ff 

  0x0000020d4d8e4440: ;   {runtime_call counter_overflow Runtime1 stub}
  0x0000020d4d8e4440: ffff ffe8 

  0x0000020d4d8e4444: ; ImmutableOopMap {[160]=Oop [168]=Oop [176]=Oop [200]=Oop [208]=Oop }
                      ;*synchronization entry
                      ; - java.lang.StringBuilder::append@-1
                      ; - org.eclipse.osgi.internal.serviceregistry.FilteredServiceListener::serviceChanged@134 (line 119)
  0x0000020d4d8e4444: 3803 0407 | e9ba dfff 

  0x0000020d4d8e444c: ;   {metadata({method} {0x0000020d646a79b0} 'getFilter' '()Ljava/lang/String;' in 'org/eclipse/osgi/internal/serviceregistry/FilteredServiceListener')}
  0x0000020d4d8e444c: ff49 baa8 | 796a 640d | 0200 004c | 8954 2408 | 48c7 0424 | ffff ffff 

  0x0000020d4d8e4464: ;   {runtime_call counter_overflow Runtime1 stub}
  0x0000020d4d8e4464: e817 0304 

  0x0000020d4d8e4468: ; ImmutableOopMap {[160]=Oop [168]=Oop [176]=Oop [200]=Oop [208]=Oop }
                      ;*synchronization entry
                      ; - org.eclipse.osgi.internal.serviceregistry.FilteredServiceListener::getFilter@-1 (line 202)
                      ; - org.eclipse.osgi.internal.serviceregistry.FilteredServiceListener::serviceChanged@138 (line 119)
  0x0000020d4d8e4468: 07e9 28e0 

  0x0000020d4d8e446c: ;   {runtime_call throw_null_pointer_exception Runtime1 stub}
  0x0000020d4d8e446c: ffff e88d 

  0x0000020d4d8e4470: ; ImmutableOopMap {rsi=Oop [160]=Oop [168]=Oop [176]=Oop [200]=Oop [208]=Oop }
                      ;*invokevirtual toString {reexecute=0 rethrow=0 return_oop=0}
                      ; - org.eclipse.osgi.internal.serviceregistry.FilteredServiceListener::getFilter@11 (line 203)
                      ; - org.eclipse.osgi.internal.serviceregistry.FilteredServiceListener::serviceChanged@138 (line 119)
                      ;   {metadata({method} {0x0000020d646a7be0} 'getObjectClassFilterString' '(Ljava/lang/String;)Ljava/lang/String;' in 'org/eclipse/osgi/internal/serviceregistry/FilteredServiceListener')}
  0x0000020d4d8e4470: 9c03 0749 | bad8 7b6a | 640d 0200 | 004c 8954 | 2408 48c7 | 0424 ffff 

  0x0000020d4d8e4488: ;   {runtime_call counter_overflow Runtime1 stub}
  0x0000020d4d8e4488: ffff e8f1 

  0x0000020d4d8e448c: ; ImmutableOopMap {rdx=Oop rbx=Oop [160]=Oop [168]=Oop [176]=Oop [200]=Oop [208]=Oop }
                      ;*synchronization entry
                      ; - org.eclipse.osgi.internal.serviceregistry.FilteredServiceListener::getObjectClassFilterString@-1 (line 236)
                      ; - org.eclipse.osgi.internal.serviceregistry.FilteredServiceListener::getFilter@19 (line 205)
                      ; - org.eclipse.osgi.internal.serviceregistry.FilteredServiceListener::serviceChanged@138 (line 119)
  0x0000020d4d8e448c: 0204 07e9 | 29e1 ffff 

  0x0000020d4d8e4494: ;   {metadata(nullptr)}
  0x0000020d4d8e4494: 48ba 0000 | 0000 0000 | 0000 b800 

  0x0000020d4d8e44a0: ;   {runtime_call load_klass_patching Runtime1 stub}
  0x0000020d4d8e44a0: 0f05 0ae8 

  0x0000020d4d8e44a4: ; ImmutableOopMap {[160]=Oop [168]=Oop [176]=Oop [200]=Oop [208]=Oop [224]=Oop }
                      ;*new {reexecute=1 rethrow=0 return_oop=0}
                      ; - (reexecute) org.eclipse.osgi.internal.serviceregistry.FilteredServiceListener::getObjectClassFilterString@6 (line 239)
                      ; - org.eclipse.osgi.internal.serviceregistry.FilteredServiceListener::getFilter@19 (line 205)
                      ; - org.eclipse.osgi.internal.serviceregistry.FilteredServiceListener::serviceChanged@138 (line 119)
  0x0000020d4d8e44a4: 58e1 0307 | e95b e1ff | ff48 8bd2 

  0x0000020d4d8e44b0: ;   {runtime_call fast_new_instance Runtime1 stub}
  0x0000020d4d8e44b0: e84b a803 

  0x0000020d4d8e44b4: ; ImmutableOopMap {[160]=Oop [168]=Oop [176]=Oop [200]=Oop [208]=Oop [224]=Oop }
                      ;*new {reexecute=0 rethrow=0 return_oop=0}
                      ; - org.eclipse.osgi.internal.serviceregistry.FilteredServiceListener::getObjectClassFilterString@6 (line 239)
                      ; - org.eclipse.osgi.internal.serviceregistry.FilteredServiceListener::getFilter@19 (line 205)
                      ; - org.eclipse.osgi.internal.serviceregistry.FilteredServiceListener::serviceChanged@138 (line 119)
  0x0000020d4d8e44b4: 07e9 9ee1 

  0x0000020d4d8e44b8: ;   {metadata({method} {0x0000020d00461da8} '<init>' '(Ljava/lang/String;)V' in 'java/lang/StringBuilder')}
  0x0000020d4d8e44b8: ffff 49ba | a01d 4600 | 0d02 0000 | 4c89 5424 | 0848 c704 | 24ff ffff 

  0x0000020d4d8e44d0: ;   {runtime_call counter_overflow Runtime1 stub}
  0x0000020d4d8e44d0: ffe8 aa02 

  0x0000020d4d8e44d4: ; ImmutableOopMap {rax=Oop [160]=Oop [168]=Oop [176]=Oop [200]=Oop [208]=Oop [224]=Oop }
                      ;*synchronization entry
                      ; - java.lang.StringBuilder::<init>@-1
                      ; - org.eclipse.osgi.internal.serviceregistry.FilteredServiceListener::getObjectClassFilterString@13 (line 239)
                      ; - org.eclipse.osgi.internal.serviceregistry.FilteredServiceListener::getFilter@19 (line 205)
                      ; - org.eclipse.osgi.internal.serviceregistry.FilteredServiceListener::serviceChanged@138 (line 119)
  0x0000020d4d8e44d4: 0407 e9bb 

  0x0000020d4d8e44d8: ;   {metadata({method} {0x0000020d00461ae8} 'append' '(Ljava/lang/String;)Ljava/lang/StringBuilder;' in 'java/lang/StringBuilder')}
  0x0000020d4d8e44d8: e1ff ff49 | bae0 1a46 | 000d 0200 | 004c 8954 | 2408 48c7 | 0424 ffff 

  0x0000020d4d8e44f0: ;   {runtime_call counter_overflow Runtime1 stub}
  0x0000020d4d8e44f0: ffff e889 

  0x0000020d4d8e44f4: ; ImmutableOopMap {[160]=Oop [168]=Oop [176]=Oop [200]=Oop [208]=Oop [216]=Oop [224]=Oop }
                      ;*synchronization entry
                      ; - java.lang.StringBuilder::append@-1
                      ; - org.eclipse.osgi.internal.serviceregistry.FilteredServiceListener::getObjectClassFilterString@17 (line 239)
                      ; - org.eclipse.osgi.internal.serviceregistry.FilteredServiceListener::getFilter@19 (line 205)
                      ; - org.eclipse.osgi.internal.serviceregistry.FilteredServiceListener::serviceChanged@138 (line 119)
  0x0000020d4d8e44f4: 0204 07e9 | 1be2 ffff 

  0x0000020d4d8e44fc: ;   {metadata({method} {0x0000020d00461ae8} 'append' '(Ljava/lang/String;)Ljava/lang/StringBuilder;' in 'java/lang/StringBuilder')}
  0x0000020d4d8e44fc: 49ba e01a | 4600 0d02 | 0000 4c89 | 5424 0848 | c704 24ff 

  0x0000020d4d8e4510: ;   {runtime_call counter_overflow Runtime1 stub}
  0x0000020d4d8e4510: ffff ffe8 

  0x0000020d4d8e4514: ; ImmutableOopMap {[160]=Oop [168]=Oop [176]=Oop [200]=Oop [208]=Oop [216]=Oop }
                      ;*synchronization entry
                      ; - java.lang.StringBuilder::append@-1
                      ; - org.eclipse.osgi.internal.serviceregistry.FilteredServiceListener::getObjectClassFilterString@22 (line 239)
                      ; - org.eclipse.osgi.internal.serviceregistry.FilteredServiceListener::getFilter@19 (line 205)
                      ; - org.eclipse.osgi.internal.serviceregistry.FilteredServiceListener::serviceChanged@138 (line 119)
  0x0000020d4d8e4514: 6802 0407 | e97a e2ff 

  0x0000020d4d8e451c: ;   {metadata({method} {0x0000020d00008958} 'toString' '()Ljava/lang/String;' in 'java/lang/StringBuilder')}
  0x0000020d4d8e451c: ff49 ba50 | 8900 000d | 0200 004c | 8954 2408 | 48c7 0424 | ffff ffff 

  0x0000020d4d8e4534: ;   {runtime_call counter_overflow Runtime1 stub}
  0x0000020d4d8e4534: e847 0204 

  0x0000020d4d8e4538: ; ImmutableOopMap {[160]=Oop [168]=Oop [176]=Oop [200]=Oop [208]=Oop [216]=Oop }
                      ;*synchronization entry
                      ; - java.lang.StringBuilder::toString@-1
                      ; - org.eclipse.osgi.internal.serviceregistry.FilteredServiceListener::getObjectClassFilterString@25 (line 239)
                      ; - org.eclipse.osgi.internal.serviceregistry.FilteredServiceListener::getFilter@19 (line 205)
                      ; - org.eclipse.osgi.internal.serviceregistry.FilteredServiceListener::serviceChanged@138 (line 119)
  0x0000020d4d8e4538: 07e9 d7e2 | ffff 488b 

  0x0000020d4d8e4540: ;   {runtime_call fast_new_instance Runtime1 stub}
  0x0000020d4d8e4540: d2e8 baa7 

  0x0000020d4d8e4544: ; ImmutableOopMap {[160]=Oop [168]=Oop [176]=Oop [200]=Oop [208]=Oop [216]=Oop }
                      ;*new {reexecute=0 rethrow=0 return_oop=0}
                      ; - java.lang.StringBuilder::toString@0
                      ; - org.eclipse.osgi.internal.serviceregistry.FilteredServiceListener::getObjectClassFilterString@25 (line 239)
                      ; - org.eclipse.osgi.internal.serviceregistry.FilteredServiceListener::getFilter@19 (line 205)
                      ; - org.eclipse.osgi.internal.serviceregistry.FilteredServiceListener::serviceChanged@138 (line 119)
  0x0000020d4d8e4544: 0307 e91a 

  0x0000020d4d8e4548: ;   {metadata({method} {0x0000020d00455dd8} '<init>' '(Ljava/lang/StringBuilder;)V' in 'java/lang/String')}
  0x0000020d4d8e4548: e3ff ff49 | bad0 5d45 | 000d 0200 | 004c 8954 | 2408 48c7 | 0424 ffff 

  0x0000020d4d8e4560: ;   {runtime_call counter_overflow Runtime1 stub}
  0x0000020d4d8e4560: ffff e819 

  0x0000020d4d8e4564: ; ImmutableOopMap {rax=Oop [160]=Oop [168]=Oop [176]=Oop [200]=Oop [208]=Oop [216]=Oop }
                      ;*synchronization entry
                      ; - java.lang.String::<init>@-1
                      ; - java.lang.StringBuilder::toString@5
                      ; - org.eclipse.osgi.internal.serviceregistry.FilteredServiceListener::getObjectClassFilterString@25 (line 239)
                      ; - org.eclipse.osgi.internal.serviceregistry.FilteredServiceListener::getFilter@19 (line 205)
                      ; - org.eclipse.osgi.internal.serviceregistry.FilteredServiceListener::serviceChanged@138 (line 119)
  0x0000020d4d8e4564: 0204 07e9 | 3ae3 ffff 

  0x0000020d4d8e456c: ;   {metadata({method} {0x0000020d00461ae8} 'append' '(Ljava/lang/String;)Ljava/lang/StringBuilder;' in 'java/lang/StringBuilder')}
  0x0000020d4d8e456c: 49ba e01a | 4600 0d02 | 0000 4c89 | 5424 0848 | c704 24ff 

  0x0000020d4d8e4580: ;   {runtime_call counter_overflow Runtime1 stub}
  0x0000020d4d8e4580: ffff ffe8 

  0x0000020d4d8e4584: ; ImmutableOopMap {rax=Oop [160]=Oop [168]=Oop [176]=Oop [200]=Oop [208]=Oop }
                      ;*synchronization entry
                      ; - java.lang.StringBuilder::append@-1
                      ; - org.eclipse.osgi.internal.serviceregistry.FilteredServiceListener::serviceChanged@141 (line 119)
  0x0000020d4d8e4584: f801 0407 | e9ad e3ff 

  0x0000020d4d8e458c: ;   {metadata({method} {0x0000020d00461ae8} 'append' '(Ljava/lang/String;)Ljava/lang/StringBuilder;' in 'java/lang/StringBuilder')}
  0x0000020d4d8e458c: ff49 bae0 | 1a46 000d | 0200 004c | 8954 2408 | 48c7 0424 | ffff ffff 

  0x0000020d4d8e45a4: ;   {runtime_call counter_overflow Runtime1 stub}
  0x0000020d4d8e45a4: e8d7 0104 

  0x0000020d4d8e45a8: ; ImmutableOopMap {[160]=Oop [168]=Oop [176]=Oop [200]=Oop [208]=Oop }
                      ;*synchronization entry
                      ; - java.lang.StringBuilder::append@-1
                      ; - org.eclipse.osgi.internal.serviceregistry.FilteredServiceListener::serviceChanged@146 (line 119)
  0x0000020d4d8e45a8: 07e9 01e4 

  0x0000020d4d8e45ac: ;   {runtime_call throw_null_pointer_exception Runtime1 stub}
  0x0000020d4d8e45ac: ffff e84d 

  0x0000020d4d8e45b0: ; ImmutableOopMap {rsi=Oop [160]=Oop [168]=Oop [176]=Oop [200]=Oop [208]=Oop }
                      ;*invokevirtual getRegistration {reexecute=0 rethrow=0 return_oop=0}
                      ; - org.eclipse.osgi.internal.serviceregistry.FilteredServiceListener::serviceChanged@150 (line 120)
                      ;   {runtime_call throw_null_pointer_exception Runtime1 stub}
  0x0000020d4d8e45b0: 9b03 07e8 

  0x0000020d4d8e45b4: ; ImmutableOopMap {rsi=Oop rdx=Oop [160]=Oop [168]=Oop [176]=Oop [200]=Oop [208]=Oop }
                      ;*invokevirtual getProperties {reexecute=0 rethrow=0 return_oop=0}
                      ; - org.eclipse.osgi.internal.serviceregistry.FilteredServiceListener::serviceChanged@153 (line 120)
  0x0000020d4d8e45b4: 489b 0307 

  0x0000020d4d8e45b8: ;   {metadata({method} {0x0000020d6466dd30} 'getProperties' '()Ljava/util/Map;' in 'org/eclipse/osgi/internal/serviceregistry/ServiceRegistrationImpl')}
  0x0000020d4d8e45b8: 49ba 28dd | 6664 0d02 | 0000 4c89 | 5424 0848 | c704 24ff 

  0x0000020d4d8e45cc: ;   {runtime_call counter_overflow Runtime1 stub}
  0x0000020d4d8e45cc: ffff ffe8 

  0x0000020d4d8e45d0: ; ImmutableOopMap {rsi=Oop rdx=Oop [160]=Oop [168]=Oop [176]=Oop [200]=Oop [208]=Oop }
                      ;*synchronization entry
                      ; - org.eclipse.osgi.internal.serviceregistry.ServiceRegistrationImpl::getProperties@-1 (line 397)
                      ; - org.eclipse.osgi.internal.serviceregistry.FilteredServiceListener::serviceChanged@153 (line 120)
  0x0000020d4d8e45d0: ac01 0407 | e904 e5ff 

  0x0000020d4d8e45d8: ;   {runtime_call throw_null_pointer_exception Runtime1 stub}
  0x0000020d4d8e45d8: ffe8 229b 

  0x0000020d4d8e45dc: ; ImmutableOopMap {rsi=Oop rdx=Oop rdi=Oop [160]=Oop [168]=Oop [176]=Oop [200]=Oop [208]=Oop }
                      ;*monitorenter {reexecute=0 rethrow=0 return_oop=0}
                      ; - org.eclipse.osgi.internal.serviceregistry.ServiceRegistrationImpl::getProperties@6 (line 397)
                      ; - org.eclipse.osgi.internal.serviceregistry.FilteredServiceListener::serviceChanged@153 (line 120)
  0x0000020d4d8e45dc: 0307 4889 | 7c24 0848 

  0x0000020d4d8e45e4: ;   {runtime_call monitorenter_nofpu Runtime1 stub}
  0x0000020d4d8e45e4: 891c 24e8 

  0x0000020d4d8e45e8: ; ImmutableOopMap {rsi=Oop rdx=Oop rdi=Oop [160]=Oop [168]=Oop [176]=Oop [200]=Oop [208]=Oop [304]=Oop }
                      ;*monitorenter {reexecute=0 rethrow=0 return_oop=0}
                      ; - org.eclipse.osgi.internal.serviceregistry.ServiceRegistrationImpl::getProperties@6 (line 397)
                      ; - org.eclipse.osgi.internal.serviceregistry.FilteredServiceListener::serviceChanged@153 (line 120)
  0x0000020d4d8e45e8: 14da 0307 | e929 e5ff | ff48 8d84 | 2428 0100 | 0048 8904 

  0x0000020d4d8e45fc: ;   {runtime_call monitorexit_nofpu Runtime1 stub}
  0x0000020d4d8e45fc: 24e8 7ee9 | 0307 e940 

  0x0000020d4d8e4604: ;   {metadata({method} {0x0000020d00461b40} 'append' '(Ljava/lang/Object;)Ljava/lang/StringBuilder;' in 'java/lang/StringBuilder')}
  0x0000020d4d8e4604: e5ff ff49 | ba38 1b46 | 000d 0200 | 004c 8954 | 2408 48c7 | 0424 ffff 

  0x0000020d4d8e461c: ;   {runtime_call counter_overflow Runtime1 stub}
  0x0000020d4d8e461c: ffff e85d 

  0x0000020d4d8e4620: ; ImmutableOopMap {rsi=Oop rdx=Oop [160]=Oop [168]=Oop [176]=Oop [200]=Oop [208]=Oop }
                      ;*synchronization entry
                      ; - java.lang.StringBuilder::append@-1
                      ; - org.eclipse.osgi.internal.serviceregistry.FilteredServiceListener::serviceChanged@156 (line 120)
  0x0000020d4d8e4620: 0104 07e9 | 60e5 ffff 

  0x0000020d4d8e4628: ;   {metadata({method} {0x0000020d00455280} 'valueOf' '(Ljava/lang/Object;)Ljava/lang/String;' in 'java/lang/String')}
  0x0000020d4d8e4628: 49ba 7852 | 4500 0d02 | 0000 4c89 | 5424 0848 | c704 24ff 

  0x0000020d4d8e463c: ;   {runtime_call counter_overflow Runtime1 stub}
  0x0000020d4d8e463c: ffff ffe8 

  0x0000020d4d8e4640: ; ImmutableOopMap {rsi=Oop rdx=Oop [160]=Oop [168]=Oop [176]=Oop [200]=Oop [208]=Oop }
                      ;*synchronization entry
                      ; - java.lang.String::valueOf@-1
                      ; - java.lang.StringBuilder::append@2
                      ; - org.eclipse.osgi.internal.serviceregistry.FilteredServiceListener::serviceChanged@156 (line 120)
  0x0000020d4d8e4640: 3c01 0407 | e978 e5ff 

  0x0000020d4d8e4648: ;   {runtime_call throw_null_pointer_exception Runtime1 stub}
  0x0000020d4d8e4648: ffe8 b29a 

  0x0000020d4d8e464c: ; ImmutableOopMap {rdx=Oop [160]=Oop [168]=Oop [176]=Oop [200]=Oop [208]=Oop }
                      ;*invokevirtual toString {reexecute=0 rethrow=0 return_oop=0}
                      ; - java.lang.String::valueOf@11
                      ; - java.lang.StringBuilder::append@2
                      ; - org.eclipse.osgi.internal.serviceregistry.FilteredServiceListener::serviceChanged@156 (line 120)
                      ;   {metadata({method} {0x0000020d00461ae8} 'append' '(Ljava/lang/String;)Ljava/lang/StringBuilder;' in 'java/lang/StringBuilder')}
  0x0000020d4d8e464c: 0307 49ba | e01a 4600 | 0d02 0000 | 4c89 5424 | 0848 c704 | 24ff ffff 

  0x0000020d4d8e4664: ;   {runtime_call counter_overflow Runtime1 stub}
  0x0000020d4d8e4664: ffe8 1601 

  0x0000020d4d8e4668: ; ImmutableOopMap {rdi=Oop [160]=Oop [168]=Oop [176]=Oop [200]=Oop [208]=Oop }
                      ;*synchronization entry
                      ; - java.lang.StringBuilder::append@-1
                      ; - java.lang.StringBuilder::append@5
                      ; - org.eclipse.osgi.internal.serviceregistry.FilteredServiceListener::serviceChanged@156 (line 120)
  0x0000020d4d8e4668: 0407 e993 

  0x0000020d4d8e466c: ;   {metadata({method} {0x0000020d00461ae8} 'append' '(Ljava/lang/String;)Ljava/lang/StringBuilder;' in 'java/lang/StringBuilder')}
  0x0000020d4d8e466c: e6ff ff49 | bae0 1a46 | 000d 0200 | 004c 8954 | 2408 48c7 | 0424 ffff 

  0x0000020d4d8e4684: ;   {runtime_call counter_overflow Runtime1 stub}
  0x0000020d4d8e4684: ffff e8f5 

  0x0000020d4d8e4688: ; ImmutableOopMap {rax=Oop [160]=Oop [168]=Oop [176]=Oop [200]=Oop [208]=Oop }
                      ;*synchronization entry
                      ; - java.lang.StringBuilder::append@-1
                      ; - org.eclipse.osgi.internal.serviceregistry.FilteredServiceListener::serviceChanged@161 (line 120)
  0x0000020d4d8e4688: 0004 07e9 | eae6 ffff 

  0x0000020d4d8e4690: ;   {metadata({method} {0x0000020d00008958} 'toString' '()Ljava/lang/String;' in 'java/lang/StringBuilder')}
  0x0000020d4d8e4690: 49ba 5089 | 0000 0d02 | 0000 4c89 | 5424 0848 | c704 24ff 

  0x0000020d4d8e46a4: ;   {runtime_call counter_overflow Runtime1 stub}
  0x0000020d4d8e46a4: ffff ffe8 

  0x0000020d4d8e46a8: ; ImmutableOopMap {[160]=Oop [168]=Oop [176]=Oop [200]=Oop [208]=Oop }
                      ;*synchronization entry
                      ; - java.lang.StringBuilder::toString@-1
                      ; - org.eclipse.osgi.internal.serviceregistry.FilteredServiceListener::serviceChanged@164 (line 120)
  0x0000020d4d8e46a8: d400 0407 | e93c e7ff | ff48 8bd2 

  0x0000020d4d8e46b4: ;   {runtime_call fast_new_instance Runtime1 stub}
  0x0000020d4d8e46b4: e847 a603 

  0x0000020d4d8e46b8: ; ImmutableOopMap {[160]=Oop [168]=Oop [176]=Oop [200]=Oop [208]=Oop }
                      ;*new {reexecute=0 rethrow=0 return_oop=0}
                      ; - java.lang.StringBuilder::toString@0
                      ; - org.eclipse.osgi.internal.serviceregistry.FilteredServiceListener::serviceChanged@164 (line 120)
  0x0000020d4d8e46b8: 07e9 7fe7 

  0x0000020d4d8e46bc: ;   {metadata({method} {0x0000020d00455dd8} '<init>' '(Ljava/lang/StringBuilder;)V' in 'java/lang/String')}
  0x0000020d4d8e46bc: ffff 49ba | d05d 4500 | 0d02 0000 | 4c89 5424 | 0848 c704 | 24ff ffff 

  0x0000020d4d8e46d4: ;   {runtime_call counter_overflow Runtime1 stub}
  0x0000020d4d8e46d4: ffe8 a600 

  0x0000020d4d8e46d8: ; ImmutableOopMap {rax=Oop [160]=Oop [168]=Oop [176]=Oop [200]=Oop [208]=Oop }
                      ;*synchronization entry
                      ; - java.lang.String::<init>@-1
                      ; - java.lang.StringBuilder::toString@5
                      ; - org.eclipse.osgi.internal.serviceregistry.FilteredServiceListener::serviceChanged@164 (line 120)
  0x0000020d4d8e46d8: 0407 e99f 

  0x0000020d4d8e46dc: ;   {runtime_call throw_null_pointer_exception Runtime1 stub}
  0x0000020d4d8e46dc: e7ff ffe8 

  0x0000020d4d8e46e0: ; ImmutableOopMap {rbx=Oop [160]=Oop [168]=Oop [176]=Oop [208]=Oop [240]=Oop }
                      ;*invokevirtual trace {reexecute=0 rethrow=0 return_oop=0}
                      ; - org.eclipse.osgi.internal.serviceregistry.FilteredServiceListener::serviceChanged@167 (line 119)
  0x0000020d4d8e46e0: 1c9a 0307 

  0x0000020d4d8e46e4: ;   {metadata({method} {0x0000020d644e53d0} 'trace' '(Ljava/lang/String;Ljava/lang/String;)V' in 'org/eclipse/osgi/internal/debug/Debug')}
  0x0000020d4d8e46e4: 49ba c853 | 4e64 0d02 | 0000 4c89 | 5424 0848 | c704 24ff 

  0x0000020d4d8e46f8: ;   {runtime_call counter_overflow Runtime1 stub}
  0x0000020d4d8e46f8: ffff ffe8 

  0x0000020d4d8e46fc: ; ImmutableOopMap {rbx=Oop [160]=Oop [168]=Oop [176]=Oop [208]=Oop [240]=Oop }
                      ;*synchronization entry
                      ; - org.eclipse.osgi.internal.debug.Debug::trace@-1 (line 256)
                      ; - org.eclipse.osgi.internal.serviceregistry.FilteredServiceListener::serviceChanged@167 (line 119)
  0x0000020d4d8e46fc: 8000 0407 | e91c e8ff 

  0x0000020d4d8e4704: ;   {runtime_call throw_incompatible_class_change_error Runtime1 stub}
  0x0000020d4d8e4704: ffe8 f6cf 

  0x0000020d4d8e4708: ; ImmutableOopMap {rdx=Oop [160]=Oop [168]=Oop [176]=Oop [240]=Oop }
                      ;*invokeinterface getLogger {reexecute=0 rethrow=0 return_oop=0}
                      ; - org.eclipse.osgi.internal.debug.Debug::trace@11 (line 265)
                      ; - org.eclipse.osgi.internal.serviceregistry.FilteredServiceListener::serviceChanged@167 (line 119)
                      ;   {runtime_call throw_null_pointer_exception Runtime1 stub}
  0x0000020d4d8e4708: 0307 e8f1 

  0x0000020d4d8e470c: ; ImmutableOopMap {rdx=Oop [160]=Oop [168]=Oop [176]=Oop [240]=Oop }
                      ;*invokeinterface getLogger {reexecute=0 rethrow=0 return_oop=0}
                      ; - org.eclipse.osgi.internal.debug.Debug::trace@11 (line 265)
                      ; - org.eclipse.osgi.internal.serviceregistry.FilteredServiceListener::serviceChanged@167 (line 119)
                      ;   {metadata({method} {0x0000020d6450ca80} 'getLogger' '(Ljava/lang/String;)Lorg/osgi/service/log/Logger;' in 'org/eclipse/osgi/internal/log/ExtendedLogServiceImpl')}
  0x0000020d4d8e470c: 9903 0749 | ba78 ca50 | 640d 0200 | 004c 8954 | 2408 48c7 | 0424 ffff 

  0x0000020d4d8e4724: ;   {runtime_call counter_overflow Runtime1 stub}
  0x0000020d4d8e4724: ffff e855 

  0x0000020d4d8e4728: ; ImmutableOopMap {rdx=Oop [160]=Oop [168]=Oop [176]=Oop [240]=Oop }
                      ;*synchronization entry
                      ; - org.eclipse.osgi.internal.log.ExtendedLogServiceImpl::getLogger@-1 (line 1)
                      ; - org.eclipse.osgi.internal.debug.Debug::trace@11 (line 265)
                      ; - org.eclipse.osgi.internal.serviceregistry.FilteredServiceListener::serviceChanged@167 (line 119)
  0x0000020d4d8e4728: 0004 07e9 | ade8 ffff 

  0x0000020d4d8e4730: ;   {metadata({method} {0x0000020d6450a308} 'getLogger' '(Ljava/lang/String;)Lorg/eclipse/equinox/log/Logger;' in 'org/eclipse/osgi/internal/log/ExtendedLogServiceImpl')}
  0x0000020d4d8e4730: 49ba 00a3 | 5064 0d02 | 0000 4c89 | 5424 0848 | c704 24ff 

  0x0000020d4d8e4744: ;   {runtime_call counter_overflow Runtime1 stub}
  0x0000020d4d8e4744: ffff ffe8 

  0x0000020d4d8e4748: ; ImmutableOopMap {rdx=Oop [160]=Oop [168]=Oop [176]=Oop [240]=Oop }
                      ;*synchronization entry
                      ; - org.eclipse.osgi.internal.log.ExtendedLogServiceImpl::getLogger@-1 (line 73)
                      ; - org.eclipse.osgi.internal.log.ExtendedLogServiceImpl::getLogger@2 (line 1)
                      ; - org.eclipse.osgi.internal.debug.Debug::trace@11 (line 265)
                      ; - org.eclipse.osgi.internal.serviceregistry.FilteredServiceListener::serviceChanged@167 (line 119)
  0x0000020d4d8e4748: 3400 0407 | e9de e8ff | ff48 8904 

  0x0000020d4d8e4754: ;   {runtime_call throw_class_cast_exception Runtime1 stub}
  0x0000020d4d8e4754: 24e8 a6cc 

  0x0000020d4d8e4758: ; ImmutableOopMap {[160]=Oop [168]=Oop [176]=Oop [240]=Oop }
                      ;*checkcast {reexecute=0 rethrow=0 return_oop=0}
                      ; - org.eclipse.osgi.internal.log.ExtendedLogServiceImpl::getLogger@7 (line 73)
                      ; - org.eclipse.osgi.internal.log.ExtendedLogServiceImpl::getLogger@2 (line 1)
                      ; - org.eclipse.osgi.internal.debug.Debug::trace@11 (line 265)
                      ; - org.eclipse.osgi.internal.serviceregistry.FilteredServiceListener::serviceChanged@167 (line 119)
                      ;   {runtime_call throw_null_pointer_exception Runtime1 stub}
  0x0000020d4d8e4758: 0307 e8a1 

  0x0000020d4d8e475c: ; ImmutableOopMap {rdx=Oop [160]=Oop [168]=Oop [176]=Oop [240]=Oop }
                      ;*invokeinterface debug {reexecute=0 rethrow=0 return_oop=0}
                      ; - org.eclipse.osgi.internal.debug.Debug::trace@17 (line 265)
                      ; - org.eclipse.osgi.internal.serviceregistry.FilteredServiceListener::serviceChanged@167 (line 119)
                      ;   {runtime_call throw_null_pointer_exception Runtime1 stub}
  0x0000020d4d8e475c: 9903 07e8 

  0x0000020d4d8e4760: ; ImmutableOopMap {rax=Oop rdx=Oop [160]=Oop [168]=Oop [176]=Oop }
                      ;*invokevirtual println {reexecute=0 rethrow=0 return_oop=0}
                      ; - org.eclipse.osgi.internal.debug.Debug::trace@29 (line 267)
                      ; - org.eclipse.osgi.internal.serviceregistry.FilteredServiceListener::serviceChanged@167 (line 119)
  0x0000020d4d8e4760: 9c99 0307 

  0x0000020d4d8e4764: ;   {runtime_call throw_null_pointer_exception Runtime1 stub}
  0x0000020d4d8e4764: e897 9903 

  0x0000020d4d8e4768: ; ImmutableOopMap {rdx=Oop [160]=Oop [248]=Oop }
                      ;*getfield DEBUG_EVENTS {reexecute=1 rethrow=0 return_oop=0}
                      ; - (reexecute) org.eclipse.osgi.internal.serviceregistry.FilteredServiceListener::serviceChanged@207 (line 128)
                      ;   {metadata(nullptr)}
  0x0000020d4d8e4768: 0748 ba00 | 0000 0000 | 0000 00b8 | 000f 050a 

  0x0000020d4d8e4778: ;   {runtime_call load_klass_patching Runtime1 stub}
  0x0000020d4d8e4778: e883 de03 

  0x0000020d4d8e477c: ; ImmutableOopMap {rbx=Oop [160]=Oop [248]=Oop }
                      ;*new {reexecute=1 rethrow=0 return_oop=0}
                      ; - (reexecute) org.eclipse.osgi.internal.serviceregistry.FilteredServiceListener::serviceChanged@213 (line 129)
  0x0000020d4d8e477c: 07e9 86ec | ffff 488b 

  0x0000020d4d8e4784: ;   {runtime_call fast_new_instance Runtime1 stub}
  0x0000020d4d8e4784: d2e8 76a5 

  0x0000020d4d8e4788: ; ImmutableOopMap {rbx=Oop [160]=Oop [248]=Oop }
                      ;*new {reexecute=0 rethrow=0 return_oop=0}
                      ; - org.eclipse.osgi.internal.serviceregistry.FilteredServiceListener::serviceChanged@213 (line 129)
  0x0000020d4d8e4788: 0307 e9c9 

  0x0000020d4d8e478c: ;   {runtime_call throw_null_pointer_exception Runtime1 stub}
  0x0000020d4d8e478c: ecff ffe8 

  0x0000020d4d8e4790: ; ImmutableOopMap {rbx=Oop rax=Oop rdx=Oop [160]=Oop [248]=Oop [256]=Oop }
                      ;*invokevirtual getClass {reexecute=0 rethrow=0 return_oop=0}
                      ; - org.eclipse.osgi.internal.serviceregistry.FilteredServiceListener::serviceChanged@221 (line 129)
  0x0000020d4d8e4790: 6c99 0307 

  0x0000020d4d8e4794: ;   {runtime_call throw_null_pointer_exception Runtime1 stub}
  0x0000020d4d8e4794: e867 9903 

  0x0000020d4d8e4798: ; ImmutableOopMap {rbx=Oop rax=Oop rdx=Oop [160]=Oop [248]=Oop [256]=Oop }
                      ;*invokevirtual getName {reexecute=0 rethrow=0 return_oop=0}
                      ; - org.eclipse.osgi.internal.serviceregistry.FilteredServiceListener::serviceChanged@224 (line 129)
                      ;   {metadata({method} {0x0000020d00469ad8} 'getName' '()Ljava/lang/String;' in 'java/lang/Class')}
  0x0000020d4d8e4798: 0749 bad0 | 9a46 000d | 0200 004c | 8954 2408 | 48c7 0424 | ffff ffff 

  0x0000020d4d8e47b0: ;   {runtime_call counter_overflow Runtime1 stub}
  0x0000020d4d8e47b0: e8cb ff03 

  0x0000020d4d8e47b4: ; ImmutableOopMap {rbx=Oop rax=Oop rdx=Oop [160]=Oop [248]=Oop [256]=Oop }
                      ;*synchronization entry
                      ; - java.lang.Class::getName@-1
                      ; - org.eclipse.osgi.internal.serviceregistry.FilteredServiceListener::serviceChanged@224 (line 129)
  0x0000020d4d8e47b4: 07e9 17ed 

  0x0000020d4d8e47b8: ;   {metadata({method} {0x0000020d00455280} 'valueOf' '(Ljava/lang/Object;)Ljava/lang/String;' in 'java/lang/String')}
  0x0000020d4d8e47b8: ffff 49ba | 7852 4500 | 0d02 0000 | 4c89 5424 | 0848 c704 | 24ff ffff 

  0x0000020d4d8e47d0: ;   {runtime_call counter_overflow Runtime1 stub}
  0x0000020d4d8e47d0: ffe8 aaff 

  0x0000020d4d8e47d4: ; ImmutableOopMap {rsi=Oop [160]=Oop [248]=Oop [256]=Oop }
                      ;*synchronization entry
                      ; - java.lang.String::valueOf@-1
                      ; - org.eclipse.osgi.internal.serviceregistry.FilteredServiceListener::serviceChanged@227 (line 129)
  0x0000020d4d8e47d4: 0307 e99d 

  0x0000020d4d8e47d8: ;   {runtime_call throw_null_pointer_exception Runtime1 stub}
  0x0000020d4d8e47d8: edff ffe8 

  0x0000020d4d8e47dc: ; ImmutableOopMap {rsi=Oop [160]=Oop [248]=Oop [256]=Oop }
                      ;*invokevirtual toString {reexecute=0 rethrow=0 return_oop=0}
                      ; - java.lang.String::valueOf@11
                      ; - org.eclipse.osgi.internal.serviceregistry.FilteredServiceListener::serviceChanged@227 (line 129)
  0x0000020d4d8e47dc: 2099 0307 

  0x0000020d4d8e47e0: ;   {metadata({method} {0x0000020d00461da8} '<init>' '(Ljava/lang/String;)V' in 'java/lang/StringBuilder')}
  0x0000020d4d8e47e0: 49ba a01d | 4600 0d02 | 0000 4c89 | 5424 0848 | c704 24ff 

  0x0000020d4d8e47f4: ;   {runtime_call counter_overflow Runtime1 stub}
  0x0000020d4d8e47f4: ffff ffe8 

  0x0000020d4d8e47f8: ; ImmutableOopMap {rsi=Oop rax=Oop [160]=Oop [248]=Oop [256]=Oop }
                      ;*synchronization entry
                      ; - java.lang.StringBuilder::<init>@-1
                      ; - org.eclipse.osgi.internal.serviceregistry.FilteredServiceListener::serviceChanged@230 (line 129)
  0x0000020d4d8e47f8: 84ff 0307 | e9c4 eeff 

  0x0000020d4d8e4800: ;   {metadata({method} {0x0000020d00461ae8} 'append' '(Ljava/lang/String;)Ljava/lang/StringBuilder;' in 'java/lang/StringBuilder')}
  0x0000020d4d8e4800: ff49 bae0 | 1a46 000d | 0200 004c | 8954 2408 | 48c7 0424 | ffff ffff 

  0x0000020d4d8e4818: ;   {runtime_call counter_overflow Runtime1 stub}
  0x0000020d4d8e4818: e863 ff03 

  0x0000020d4d8e481c: ; ImmutableOopMap {[160]=Oop [248]=Oop [256]=Oop }
                      ;*synchronization entry
                      ; - java.lang.StringBuilder::append@-1
                      ; - org.eclipse.osgi.internal.serviceregistry.FilteredServiceListener::serviceChanged@235 (line 129)
  0x0000020d4d8e481c: 07e9 15ef 

  0x0000020d4d8e4820: ;   {metadata({method} {0x0000020d00416620} 'toHexString' '(I)Ljava/lang/String;' in 'java/lang/Integer')}
  0x0000020d4d8e4820: ffff 49ba | 1866 4100 | 0d02 0000 | 4c89 5424 | 0848 c704 | 24ff ffff 

  0x0000020d4d8e4838: ;   {runtime_call counter_overflow Runtime1 stub}
  0x0000020d4d8e4838: ffe8 42ff 

  0x0000020d4d8e483c: ; ImmutableOopMap {[160]=Oop [248]=Oop [256]=Oop }
                      ;*synchronization entry
                      ; - java.lang.Integer::toHexString@-1
                      ; - org.eclipse.osgi.internal.serviceregistry.FilteredServiceListener::serviceChanged@245 (line 130)
  0x0000020d4d8e483c: 0307 e99f 

  0x0000020d4d8e4840: ;   {metadata({method} {0x0000020d00461ae8} 'append' '(Ljava/lang/String;)Ljava/lang/StringBuilder;' in 'java/lang/StringBuilder')}
  0x0000020d4d8e4840: efff ff49 | bae0 1a46 | 000d 0200 | 004c 8954 | 2408 48c7 | 0424 ffff 

  0x0000020d4d8e4858: ;   {runtime_call counter_overflow Runtime1 stub}
  0x0000020d4d8e4858: ffff e821 

  0x0000020d4d8e485c: ; ImmutableOopMap {rax=Oop [160]=Oop [248]=Oop [256]=Oop }
                      ;*synchronization entry
                      ; - java.lang.StringBuilder::append@-1
                      ; - org.eclipse.osgi.internal.serviceregistry.FilteredServiceListener::serviceChanged@248 (line 130)
  0x0000020d4d8e485c: ff03 07e9 | ebef ffff 

  0x0000020d4d8e4864: ;   {metadata({method} {0x0000020d00008958} 'toString' '()Ljava/lang/String;' in 'java/lang/StringBuilder')}
  0x0000020d4d8e4864: 49ba 5089 | 0000 0d02 | 0000 4c89 | 5424 0848 | c704 24ff 

  0x0000020d4d8e4878: ;   {runtime_call counter_overflow Runtime1 stub}
  0x0000020d4d8e4878: ffff ffe8 

  0x0000020d4d8e487c: ; ImmutableOopMap {[160]=Oop [248]=Oop [256]=Oop }
                      ;*synchronization entry
                      ; - java.lang.StringBuilder::toString@-1
                      ; - org.eclipse.osgi.internal.serviceregistry.FilteredServiceListener::serviceChanged@251 (line 129)
  0x0000020d4d8e487c: 00ff 0307 | e940 f0ff | ff48 8bd2 

  0x0000020d4d8e4888: ;   {runtime_call fast_new_instance Runtime1 stub}
  0x0000020d4d8e4888: e873 a403 

  0x0000020d4d8e488c: ; ImmutableOopMap {[160]=Oop [248]=Oop [256]=Oop }
                      ;*new {reexecute=0 rethrow=0 return_oop=0}
                      ; - java.lang.StringBuilder::toString@0
                      ; - org.eclipse.osgi.internal.serviceregistry.FilteredServiceListener::serviceChanged@251 (line 129)
  0x0000020d4d8e488c: 07e9 83f0 

  0x0000020d4d8e4890: ;   {metadata({method} {0x0000020d00455dd8} '<init>' '(Ljava/lang/StringBuilder;)V' in 'java/lang/String')}
  0x0000020d4d8e4890: ffff 49ba | d05d 4500 | 0d02 0000 | 4c89 5424 | 0848 c704 | 24ff ffff 

  0x0000020d4d8e48a8: ;   {runtime_call counter_overflow Runtime1 stub}
  0x0000020d4d8e48a8: ffe8 d2fe 

  0x0000020d4d8e48ac: ; ImmutableOopMap {rax=Oop [160]=Oop [248]=Oop [256]=Oop }
                      ;*synchronization entry
                      ; - java.lang.String::<init>@-1
                      ; - java.lang.StringBuilder::toString@5
                      ; - org.eclipse.osgi.internal.serviceregistry.FilteredServiceListener::serviceChanged@251 (line 129)
  0x0000020d4d8e48ac: 0307 e9a3 

  0x0000020d4d8e48b0: ;   {metadata(nullptr)}
  0x0000020d4d8e48b0: f0ff ff48 | ba00 0000 | 0000 0000 | 00b8 000f 

  0x0000020d4d8e48c0: ;   {runtime_call load_klass_patching Runtime1 stub}
  0x0000020d4d8e48c0: 050a e839 

  0x0000020d4d8e48c4: ; ImmutableOopMap {rbx=Oop [160]=Oop [248]=Oop [264]=Oop }
                      ;*new {reexecute=1 rethrow=0 return_oop=0}
                      ; - (reexecute) org.eclipse.osgi.internal.serviceregistry.FilteredServiceListener::serviceChanged@261 (line 131)
  0x0000020d4d8e48c4: dd03 07e9 | dcf0 ffff 

  0x0000020d4d8e48cc: ;   {runtime_call fast_new_instance Runtime1 stub}
  0x0000020d4d8e48cc: 488b d2e8 

  0x0000020d4d8e48d0: ; ImmutableOopMap {rbx=Oop [160]=Oop [248]=Oop [264]=Oop }
                      ;*new {reexecute=0 rethrow=0 return_oop=0}
                      ; - org.eclipse.osgi.internal.serviceregistry.FilteredServiceListener::serviceChanged@261 (line 131)
  0x0000020d4d8e48d0: 2ca4 0307 | e91f f1ff 

  0x0000020d4d8e48d8: ;   {metadata({method} {0x0000020d00461da8} '<init>' '(Ljava/lang/String;)V' in 'java/lang/StringBuilder')}
  0x0000020d4d8e48d8: ff49 baa0 | 1d46 000d | 0200 004c | 8954 2408 | 48c7 0424 | ffff ffff 

  0x0000020d4d8e48f0: ;   {runtime_call counter_overflow Runtime1 stub}
  0x0000020d4d8e48f0: e88b fe03 

  0x0000020d4d8e48f4: ; ImmutableOopMap {rbx=Oop rax=Oop [160]=Oop [248]=Oop [264]=Oop }
                      ;*synchronization entry
                      ; - java.lang.StringBuilder::<init>@-1
                      ; - org.eclipse.osgi.internal.serviceregistry.FilteredServiceListener::serviceChanged@267 (line 131)
  0x0000020d4d8e48f4: 07e9 3cf1 

  0x0000020d4d8e48f8: ;   {metadata({method} {0x0000020d00461ae8} 'append' '(Ljava/lang/String;)Ljava/lang/StringBuilder;' in 'java/lang/StringBuilder')}
  0x0000020d4d8e48f8: ffff 49ba | e01a 4600 | 0d02 0000 | 4c89 5424 | 0848 c704 | 24ff ffff 

  0x0000020d4d8e4910: ;   {runtime_call counter_overflow Runtime1 stub}
  0x0000020d4d8e4910: ffe8 6afe 

  0x0000020d4d8e4914: ; ImmutableOopMap {[160]=Oop [248]=Oop [264]=Oop [272]=Oop [280]=Oop }
                      ;*synchronization entry
                      ; - java.lang.StringBuilder::append@-1
                      ; - org.eclipse.osgi.internal.serviceregistry.FilteredServiceListener::serviceChanged@271 (line 131)
  0x0000020d4d8e4914: 0307 e9a4 

  0x0000020d4d8e4918: ;   {metadata({method} {0x0000020d00461ae8} 'append' '(Ljava/lang/String;)Ljava/lang/StringBuilder;' in 'java/lang/StringBuilder')}
  0x0000020d4d8e4918: f1ff ff49 | bae0 1a46 | 000d 0200 | 004c 8954 | 2408 48c7 | 0424 ffff 

  0x0000020d4d8e4930: ;   {runtime_call counter_overflow Runtime1 stub}
  0x0000020d4d8e4930: ffff e849 

  0x0000020d4d8e4934: ; ImmutableOopMap {[160]=Oop [248]=Oop [272]=Oop [280]=Oop }
                      ;*synchronization entry
                      ; - java.lang.StringBuilder::append@-1
                      ; - org.eclipse.osgi.internal.serviceregistry.FilteredServiceListener::serviceChanged@276 (line 131)
  0x0000020d4d8e4934: fe03 07e9 | 03f2 ffff 

  0x0000020d4d8e493c: ;   {metadata({method} {0x0000020d00008958} 'toString' '()Ljava/lang/String;' in 'java/lang/StringBuilder')}
  0x0000020d4d8e493c: 49ba 5089 | 0000 0d02 | 0000 4c89 | 5424 0848 | c704 24ff 

  0x0000020d4d8e4950: ;   {runtime_call counter_overflow Runtime1 stub}
  0x0000020d4d8e4950: ffff ffe8 

  0x0000020d4d8e4954: ; ImmutableOopMap {[160]=Oop [248]=Oop [272]=Oop [280]=Oop }
                      ;*synchronization entry
                      ; - java.lang.StringBuilder::toString@-1
                      ; - org.eclipse.osgi.internal.serviceregistry.FilteredServiceListener::serviceChanged@279 (line 131)
  0x0000020d4d8e4954: 28fe 0307 | e960 f2ff | ff48 8bd2 

  0x0000020d4d8e4960: ;   {runtime_call fast_new_instance Runtime1 stub}
  0x0000020d4d8e4960: e89b a303 

  0x0000020d4d8e4964: ; ImmutableOopMap {[160]=Oop [248]=Oop [272]=Oop [280]=Oop }
                      ;*new {reexecute=0 rethrow=0 return_oop=0}
                      ; - java.lang.StringBuilder::toString@0
                      ; - org.eclipse.osgi.internal.serviceregistry.FilteredServiceListener::serviceChanged@279 (line 131)
  0x0000020d4d8e4964: 07e9 a3f2 

  0x0000020d4d8e4968: ;   {metadata({method} {0x0000020d00455dd8} '<init>' '(Ljava/lang/StringBuilder;)V' in 'java/lang/String')}
  0x0000020d4d8e4968: ffff 49ba | d05d 4500 | 0d02 0000 | 4c89 5424 | 0848 c704 | 24ff ffff 

  0x0000020d4d8e4980: ;   {runtime_call counter_overflow Runtime1 stub}
  0x0000020d4d8e4980: ffe8 fafd 

  0x0000020d4d8e4984: ; ImmutableOopMap {rax=Oop [160]=Oop [248]=Oop [272]=Oop [280]=Oop }
                      ;*synchronization entry
                      ; - java.lang.String::<init>@-1
                      ; - java.lang.StringBuilder::toString@5
                      ; - org.eclipse.osgi.internal.serviceregistry.FilteredServiceListener::serviceChanged@279 (line 131)
  0x0000020d4d8e4984: 0307 e9c3 

  0x0000020d4d8e4988: ;   {runtime_call throw_null_pointer_exception Runtime1 stub}
  0x0000020d4d8e4988: f2ff ffe8 

  0x0000020d4d8e498c: ; ImmutableOopMap {rbx=Oop [160]=Oop [248]=Oop [288]=Oop }
                      ;*invokevirtual trace {reexecute=0 rethrow=0 return_oop=0}
                      ; - org.eclipse.osgi.internal.serviceregistry.FilteredServiceListener::serviceChanged@282 (line 131)
  0x0000020d4d8e498c: 7097 0307 

  0x0000020d4d8e4990: ;   {metadata({method} {0x0000020d644e53d0} 'trace' '(Ljava/lang/String;Ljava/lang/String;)V' in 'org/eclipse/osgi/internal/debug/Debug')}
  0x0000020d4d8e4990: 49ba c853 | 4e64 0d02 | 0000 4c89 | 5424 0848 | c704 24ff 

  0x0000020d4d8e49a4: ;   {runtime_call counter_overflow Runtime1 stub}
  0x0000020d4d8e49a4: ffff ffe8 

  0x0000020d4d8e49a8: ; ImmutableOopMap {rbx=Oop [160]=Oop [248]=Oop [288]=Oop }
                      ;*synchronization entry
                      ; - org.eclipse.osgi.internal.debug.Debug::trace@-1 (line 256)
                      ; - org.eclipse.osgi.internal.serviceregistry.FilteredServiceListener::serviceChanged@282 (line 131)
  0x0000020d4d8e49a8: d4fd 0307 | e940 f3ff 

  0x0000020d4d8e49b0: ;   {runtime_call throw_incompatible_class_change_error Runtime1 stub}
  0x0000020d4d8e49b0: ffe8 4acd 

  0x0000020d4d8e49b4: ; ImmutableOopMap {rdx=Oop [160]=Oop [248]=Oop [288]=Oop }
                      ;*invokeinterface getLogger {reexecute=0 rethrow=0 return_oop=0}
                      ; - org.eclipse.osgi.internal.debug.Debug::trace@11 (line 265)
                      ; - org.eclipse.osgi.internal.serviceregistry.FilteredServiceListener::serviceChanged@282 (line 131)
                      ;   {runtime_call throw_null_pointer_exception Runtime1 stub}
  0x0000020d4d8e49b4: 0307 e845 

  0x0000020d4d8e49b8: ; ImmutableOopMap {rdx=Oop [160]=Oop [248]=Oop [288]=Oop }
                      ;*invokeinterface getLogger {reexecute=0 rethrow=0 return_oop=0}
                      ; - org.eclipse.osgi.internal.debug.Debug::trace@11 (line 265)
                      ; - org.eclipse.osgi.internal.serviceregistry.FilteredServiceListener::serviceChanged@282 (line 131)
                      ;   {metadata({method} {0x0000020d6450ca80} 'getLogger' '(Ljava/lang/String;)Lorg/osgi/service/log/Logger;' in 'org/eclipse/osgi/internal/log/ExtendedLogServiceImpl')}
  0x0000020d4d8e49b8: 9703 0749 | ba78 ca50 | 640d 0200 | 004c 8954 | 2408 48c7 | 0424 ffff 

  0x0000020d4d8e49d0: ;   {runtime_call counter_overflow Runtime1 stub}
  0x0000020d4d8e49d0: ffff e8a9 

  0x0000020d4d8e49d4: ; ImmutableOopMap {rdx=Oop [160]=Oop [248]=Oop [288]=Oop }
                      ;*synchronization entry
                      ; - org.eclipse.osgi.internal.log.ExtendedLogServiceImpl::getLogger@-1 (line 1)
                      ; - org.eclipse.osgi.internal.debug.Debug::trace@11 (line 265)
                      ; - org.eclipse.osgi.internal.serviceregistry.FilteredServiceListener::serviceChanged@282 (line 131)
  0x0000020d4d8e49d4: fd03 07e9 | d1f3 ffff 

  0x0000020d4d8e49dc: ;   {metadata({method} {0x0000020d6450a308} 'getLogger' '(Ljava/lang/String;)Lorg/eclipse/equinox/log/Logger;' in 'org/eclipse/osgi/internal/log/ExtendedLogServiceImpl')}
  0x0000020d4d8e49dc: 49ba 00a3 | 5064 0d02 | 0000 4c89 | 5424 0848 | c704 24ff 

  0x0000020d4d8e49f0: ;   {runtime_call counter_overflow Runtime1 stub}
  0x0000020d4d8e49f0: ffff ffe8 

  0x0000020d4d8e49f4: ; ImmutableOopMap {rdx=Oop [160]=Oop [248]=Oop [288]=Oop }
                      ;*synchronization entry
                      ; - org.eclipse.osgi.internal.log.ExtendedLogServiceImpl::getLogger@-1 (line 73)
                      ; - org.eclipse.osgi.internal.log.ExtendedLogServiceImpl::getLogger@2 (line 1)
                      ; - org.eclipse.osgi.internal.debug.Debug::trace@11 (line 265)
                      ; - org.eclipse.osgi.internal.serviceregistry.FilteredServiceListener::serviceChanged@282 (line 131)
  0x0000020d4d8e49f4: 88fd 0307 | e902 f4ff | ff48 8904 

  0x0000020d4d8e4a00: ;   {runtime_call throw_class_cast_exception Runtime1 stub}
  0x0000020d4d8e4a00: 24e8 fac9 

  0x0000020d4d8e4a04: ; ImmutableOopMap {[160]=Oop [248]=Oop [288]=Oop }
                      ;*checkcast {reexecute=0 rethrow=0 return_oop=0}
                      ; - org.eclipse.osgi.internal.log.ExtendedLogServiceImpl::getLogger@7 (line 73)
                      ; - org.eclipse.osgi.internal.log.ExtendedLogServiceImpl::getLogger@2 (line 1)
                      ; - org.eclipse.osgi.internal.debug.Debug::trace@11 (line 265)
                      ; - org.eclipse.osgi.internal.serviceregistry.FilteredServiceListener::serviceChanged@282 (line 131)
                      ;   {runtime_call throw_null_pointer_exception Runtime1 stub}
  0x0000020d4d8e4a04: 0307 e8f5 

  0x0000020d4d8e4a08: ; ImmutableOopMap {rdx=Oop [160]=Oop [248]=Oop [288]=Oop }
                      ;*invokeinterface debug {reexecute=0 rethrow=0 return_oop=0}
                      ; - org.eclipse.osgi.internal.debug.Debug::trace@17 (line 265)
                      ; - org.eclipse.osgi.internal.serviceregistry.FilteredServiceListener::serviceChanged@282 (line 131)
                      ;   {runtime_call throw_null_pointer_exception Runtime1 stub}
  0x0000020d4d8e4a08: 9603 07e8 

  0x0000020d4d8e4a0c: ; ImmutableOopMap {rax=Oop rdx=Oop [160]=Oop [248]=Oop }
                      ;*invokevirtual println {reexecute=0 rethrow=0 return_oop=0}
                      ; - org.eclipse.osgi.internal.debug.Debug::trace@29 (line 267)
                      ; - org.eclipse.osgi.internal.serviceregistry.FilteredServiceListener::serviceChanged@282 (line 131)
  0x0000020d4d8e4a0c: f096 0307 

  0x0000020d4d8e4a10: ;   {runtime_call throw_null_pointer_exception Runtime1 stub}
  0x0000020d4d8e4a10: e8eb 9603 

  0x0000020d4d8e4a14: ; ImmutableOopMap {rax=Oop rdx=Oop }
                      ;*invokeinterface serviceChanged {reexecute=0 rethrow=0 return_oop=0}
                      ; - org.eclipse.osgi.internal.serviceregistry.FilteredServiceListener::serviceChanged@290 (line 134)
                      ;   {internal_word}
  0x0000020d4d8e4a14: 0749 ba44 | 418e 4d0d | 0200 004d | 8997 6804 

  0x0000020d4d8e4a24: ;   {runtime_call SafepointBlob}
  0x0000020d4d8e4a24: 0000 e9d5 

  0x0000020d4d8e4a28: ;   {internal_word}
  0x0000020d4d8e4a28: 00f9 0649 | ba5a 418e | 4d0d 0200 | 004d 8997 | 6804 0000 

  0x0000020d4d8e4a3c: ;   {runtime_call SafepointBlob}
  0x0000020d4d8e4a3c: e9bf 00f9 

  0x0000020d4d8e4a40: ;   {internal_word}
  0x0000020d4d8e4a40: 0649 ba70 | 418e 4d0d | 0200 004d | 8997 6804 

  0x0000020d4d8e4a50: ;   {runtime_call SafepointBlob}
  0x0000020d4d8e4a50: 0000 e9a9 

  0x0000020d4d8e4a54: ;   {internal_word}
  0x0000020d4d8e4a54: 00f9 0649 | ba86 418e | 4d0d 0200 | 004d 8997 | 6804 0000 

  0x0000020d4d8e4a68: ;   {runtime_call SafepointBlob}
  0x0000020d4d8e4a68: e993 00f9 | 0648 8d84 | 2428 0100 | 0048 8904 

  0x0000020d4d8e4a78: ;   {runtime_call monitorexit_nofpu Runtime1 stub}
  0x0000020d4d8e4a78: 24e8 02e5 | 0307 e959 | f7ff ff49 | 8b87 0005 | 0000 49c7 | 8700 0500 | 0000 0000 | 0049 c787 
  0x0000020d4d8e4a98: 0805 0000 | 0000 0000 | 4881 c440 | 0100 005d 

  0x0000020d4d8e4aa8: ;   {runtime_call unwind_exception Runtime1 stub}
  0x0000020d4d8e4aa8: e953 7e03 | 07f4 f4f4 
[Stub Code]
  0x0000020d4d8e4ab0: ;   {no_reloc}
  0x0000020d4d8e4ab0: 0f1f 4400 

  0x0000020d4d8e4ab4: ;   {static_stub}
  0x0000020d4d8e4ab4: 0048 bb00 | 0000 0000 

  0x0000020d4d8e4abc: ;   {runtime_call nmethod}
  0x0000020d4d8e4abc: 0000 00e9 | fbff ffff 

  0x0000020d4d8e4ac4: ;   {static_stub}
  0x0000020d4d8e4ac4: 9048 bb00 | 0000 0000 

  0x0000020d4d8e4acc: ;   {runtime_call nmethod}
  0x0000020d4d8e4acc: 0000 00e9 | fbff ffff 

  0x0000020d4d8e4ad4: ;   {static_stub}
  0x0000020d4d8e4ad4: 9048 bb00 | 0000 0000 

  0x0000020d4d8e4adc: ;   {runtime_call nmethod}
  0x0000020d4d8e4adc: 0000 00e9 | fbff ffff 

  0x0000020d4d8e4ae4: ;   {static_stub}
  0x0000020d4d8e4ae4: 9048 bb00 | 0000 0000 

  0x0000020d4d8e4aec: ;   {runtime_call nmethod}
  0x0000020d4d8e4aec: 0000 00e9 | fbff ffff 

  0x0000020d4d8e4af4: ;   {static_stub}
  0x0000020d4d8e4af4: 9048 bb00 | 0000 0000 

  0x0000020d4d8e4afc: ;   {runtime_call nmethod}
  0x0000020d4d8e4afc: 0000 00e9 | fbff ffff 

  0x0000020d4d8e4b04: ;   {static_stub}
  0x0000020d4d8e4b04: 9048 bb00 | 0000 0000 

  0x0000020d4d8e4b0c: ;   {runtime_call nmethod}
  0x0000020d4d8e4b0c: 0000 00e9 | fbff ffff 

  0x0000020d4d8e4b14: ;   {static_stub}
  0x0000020d4d8e4b14: 9048 bb00 | 0000 0000 

  0x0000020d4d8e4b1c: ;   {runtime_call nmethod}
  0x0000020d4d8e4b1c: 0000 00e9 | fbff ffff 

  0x0000020d4d8e4b24: ;   {static_stub}
  0x0000020d4d8e4b24: 9048 bb00 | 0000 0000 

  0x0000020d4d8e4b2c: ;   {runtime_call nmethod}
  0x0000020d4d8e4b2c: 0000 00e9 | fbff ffff 

  0x0000020d4d8e4b34: ;   {static_stub}
  0x0000020d4d8e4b34: 9048 bb00 | 0000 0000 

  0x0000020d4d8e4b3c: ;   {runtime_call nmethod}
  0x0000020d4d8e4b3c: 0000 00e9 | fbff ffff 

  0x0000020d4d8e4b44: ;   {static_stub}
  0x0000020d4d8e4b44: 9048 bb00 | 0000 0000 

  0x0000020d4d8e4b4c: ;   {runtime_call nmethod}
  0x0000020d4d8e4b4c: 0000 00e9 | fbff ffff 

  0x0000020d4d8e4b54: ;   {static_stub}
  0x0000020d4d8e4b54: 9048 bb00 | 0000 0000 

  0x0000020d4d8e4b5c: ;   {runtime_call nmethod}
  0x0000020d4d8e4b5c: 0000 00e9 | fbff ffff 

  0x0000020d4d8e4b64: ;   {static_stub}
  0x0000020d4d8e4b64: 9048 bb00 | 0000 0000 

  0x0000020d4d8e4b6c: ;   {runtime_call nmethod}
  0x0000020d4d8e4b6c: 0000 00e9 | fbff ffff 

  0x0000020d4d8e4b74: ;   {static_stub}
  0x0000020d4d8e4b74: 9048 bb00 | 0000 0000 

  0x0000020d4d8e4b7c: ;   {runtime_call nmethod}
  0x0000020d4d8e4b7c: 0000 00e9 | fbff ffff 

  0x0000020d4d8e4b84: ;   {static_stub}
  0x0000020d4d8e4b84: 9048 bb00 | 0000 0000 

  0x0000020d4d8e4b8c: ;   {runtime_call nmethod}
  0x0000020d4d8e4b8c: 0000 00e9 | fbff ffff 

  0x0000020d4d8e4b94: ;   {static_stub}
  0x0000020d4d8e4b94: 9048 bb00 | 0000 0000 

  0x0000020d4d8e4b9c: ;   {runtime_call nmethod}
  0x0000020d4d8e4b9c: 0000 00e9 | fbff ffff 

  0x0000020d4d8e4ba4: ;   {static_stub}
  0x0000020d4d8e4ba4: 9048 bb00 | 0000 0000 

  0x0000020d4d8e4bac: ;   {runtime_call nmethod}
  0x0000020d4d8e4bac: 0000 00e9 | fbff ffff 

  0x0000020d4d8e4bb4: ;   {static_stub}
  0x0000020d4d8e4bb4: 9048 bb00 | 0000 0000 

  0x0000020d4d8e4bbc: ;   {runtime_call nmethod}
  0x0000020d4d8e4bbc: 0000 00e9 | fbff ffff 

  0x0000020d4d8e4bc4: ;   {static_stub}
  0x0000020d4d8e4bc4: 9048 bb00 | 0000 0000 

  0x0000020d4d8e4bcc: ;   {runtime_call nmethod}
  0x0000020d4d8e4bcc: 0000 00e9 | fbff ffff 

  0x0000020d4d8e4bd4: ;   {static_stub}
  0x0000020d4d8e4bd4: 9048 bb00 | 0000 0000 

  0x0000020d4d8e4bdc: ;   {runtime_call nmethod}
  0x0000020d4d8e4bdc: 0000 00e9 | fbff ffff 

  0x0000020d4d8e4be4: ;   {static_stub}
  0x0000020d4d8e4be4: 9048 bb00 | 0000 0000 

  0x0000020d4d8e4bec: ;   {runtime_call nmethod}
  0x0000020d4d8e4bec: 0000 00e9 | fbff ffff 

  0x0000020d4d8e4bf4: ;   {static_stub}
  0x0000020d4d8e4bf4: 9048 bb00 | 0000 0000 

  0x0000020d4d8e4bfc: ;   {runtime_call nmethod}
  0x0000020d4d8e4bfc: 0000 00e9 | fbff ffff 

  0x0000020d4d8e4c04: ;   {static_stub}
  0x0000020d4d8e4c04: 9048 bb00 | 0000 0000 

  0x0000020d4d8e4c0c: ;   {runtime_call nmethod}
  0x0000020d4d8e4c0c: 0000 00e9 | fbff ffff 

  0x0000020d4d8e4c14: ;   {static_stub}
  0x0000020d4d8e4c14: 9048 bb00 | 0000 0000 

  0x0000020d4d8e4c1c: ;   {runtime_call nmethod}
  0x0000020d4d8e4c1c: 0000 00e9 | fbff ffff 

  0x0000020d4d8e4c24: ;   {static_stub}
  0x0000020d4d8e4c24: 9048 bb00 | 0000 0000 

  0x0000020d4d8e4c2c: ;   {runtime_call nmethod}
  0x0000020d4d8e4c2c: 0000 00e9 | fbff ffff 

  0x0000020d4d8e4c34: ;   {static_stub}
  0x0000020d4d8e4c34: 9048 bb00 | 0000 0000 

  0x0000020d4d8e4c3c: ;   {runtime_call nmethod}
  0x0000020d4d8e4c3c: 0000 00e9 | fbff ffff 

  0x0000020d4d8e4c44: ;   {static_stub}
  0x0000020d4d8e4c44: 48bb 1077 | 6a64 0d02 

  0x0000020d4d8e4c4c: ;   {runtime_call I2C/C2I adapters}
  0x0000020d4d8e4c4c: 0000 e914 

  0x0000020d4d8e4c50: ;   {static_stub}
  0x0000020d4d8e4c50: ebf8 0648 | bbf8 9b66 | 640d 0200 

  0x0000020d4d8e4c5c: ;   {runtime_call I2C/C2I adapters}
  0x0000020d4d8e4c5c: 00e9 0964 

  0x0000020d4d8e4c60: ;   {static_stub}
  0x0000020d4d8e4c60: f806 48bb | a097 6664 | 0d02 0000 

  0x0000020d4d8e4c6c: ;   {runtime_call I2C/C2I adapters}
  0x0000020d4d8e4c6c: e9f6 eaf8 

  0x0000020d4d8e4c70: ;   {static_stub}
  0x0000020d4d8e4c70: 0648 bb00 | 0000 0000 

  0x0000020d4d8e4c78: ;   {runtime_call nmethod}
  0x0000020d4d8e4c78: 0000 00e9 | fbff ffff 

  0x0000020d4d8e4c80: ;   {static_stub}
  0x0000020d4d8e4c80: 48bb 0000 | 0000 0000 

  0x0000020d4d8e4c88: ;   {runtime_call nmethod}
  0x0000020d4d8e4c88: 0000 e9fb 

  0x0000020d4d8e4c8c: ;   {static_stub}
  0x0000020d4d8e4c8c: ffff ff48 | bb00 0000 | 0000 0000 

  0x0000020d4d8e4c98: ;   {runtime_call nmethod}
  0x0000020d4d8e4c98: 00e9 fbff 

  0x0000020d4d8e4c9c: ;   {static_stub}
  0x0000020d4d8e4c9c: ffff 48bb | 0000 0000 | 0000 0000 

  0x0000020d4d8e4ca8: ;   {runtime_call nmethod}
  0x0000020d4d8e4ca8: e9fb ffff 

  0x0000020d4d8e4cac: ;   {static_stub}
  0x0000020d4d8e4cac: ff48 bb00 | 0000 0000 

  0x0000020d4d8e4cb4: ;   {runtime_call nmethod}
  0x0000020d4d8e4cb4: 0000 00e9 | fbff ffff 
[Exception Handler]
  0x0000020d4d8e4cbc: ;   {runtime_call handle_exception_from_callee Runtime1 stub}
  0x0000020d4d8e4cbc: e83f c103 

  0x0000020d4d8e4cc0: ;   {external_word}
  0x0000020d4d8e4cc0: 0748 b940 | 5310 a7fb | 7f00 0048 

  0x0000020d4d8e4ccc: ;   {runtime_call}
  0x0000020d4d8e4ccc: 83e4 f048 | b8b0 c3d2 | a6fb 7f00 | 00ff d0f4 
[Deopt Handler Code]
  0x0000020d4d8e4cdc: ;   {section_word}
  0x0000020d4d8e4cdc: 49ba dc4c | 8e4d 0d02 | 0000 4152 

  0x0000020d4d8e4ce8: ;   {runtime_call DeoptimizationBlob}
  0x0000020d4d8e4ce8: e9b3 f0f8 | 06f4 f4f4 
[/MachCode]


---------------  P R O C E S S  ---------------

Threads class SMR info:
_java_thread_list=0x0000020d681e1b10, length=23, elements={
0x0000020d4a1d1c30, 0x0000020d4a2773d0, 0x0000020d4a277f30, 0x0000020d4a27dd70,
0x0000020d4a2803f0, 0x0000020d4a281670, 0x0000020d4a285fa0, 0x0000020d4a288930,
0x0000020d6203fd00, 0x0000020d6225f590, 0x0000020d623aba00, 0x0000020d68a8c950,
0x0000020d623adcd0, 0x0000020d68a66850, 0x0000020d68a67290, 0x0000020d68b226e0,
0x0000020d691d7de0, 0x0000020d68454580, 0x0000020d6880b560, 0x0000020d68808e00,
0x0000020d6880aed0, 0x0000020d6880f910, 0x0000020d6880a1b0
}

Java Threads: ( => current thread )
  0x0000020d4a1d1c30 JavaThread "main"                              [_thread_blocked, id=13708, stack(0x0000006d0b900000,0x0000006d0ba00000) (1024K)]
  0x0000020d4a2773d0 JavaThread "Reference Handler"          daemon [_thread_blocked, id=18996, stack(0x0000006d0bd00000,0x0000006d0be00000) (1024K)]
  0x0000020d4a277f30 JavaThread "Finalizer"                  daemon [_thread_blocked, id=3976, stack(0x0000006d0be00000,0x0000006d0bf00000) (1024K)]
  0x0000020d4a27dd70 JavaThread "Signal Dispatcher"          daemon [_thread_blocked, id=27320, stack(0x0000006d0bf00000,0x0000006d0c000000) (1024K)]
  0x0000020d4a2803f0 JavaThread "Attach Listener"            daemon [_thread_blocked, id=24240, stack(0x0000006d0c000000,0x0000006d0c100000) (1024K)]
  0x0000020d4a281670 JavaThread "Service Thread"             daemon [_thread_blocked, id=10952, stack(0x0000006d0c100000,0x0000006d0c200000) (1024K)]
  0x0000020d4a285fa0 JavaThread "Monitor Deflation Thread"   daemon [_thread_blocked, id=26568, stack(0x0000006d0c200000,0x0000006d0c300000) (1024K)]
  0x0000020d4a288930 JavaThread "C2 CompilerThread0"         daemon [_thread_blocked, id=30300, stack(0x0000006d0c300000,0x0000006d0c400000) (1024K)]
  0x0000020d6203fd00 JavaThread "C1 CompilerThread0"         daemon [_thread_blocked, id=30356, stack(0x0000006d0c400000,0x0000006d0c500000) (1024K)]
  0x0000020d6225f590 JavaThread "Common-Cleaner"             daemon [_thread_blocked, id=12668, stack(0x0000006d0c700000,0x0000006d0c800000) (1024K)]
  0x0000020d623aba00 JavaThread "Notification Thread"        daemon [_thread_blocked, id=19580, stack(0x0000006d0c900000,0x0000006d0ca00000) (1024K)]
  0x0000020d68a8c950 JavaThread "Active Thread: Equinox Container: 31b38f45-0f7f-45eb-b4d6-00afa797c8dd"        [_thread_blocked, id=28108, stack(0x0000006d0d400000,0x0000006d0d500000) (1024K)]
  0x0000020d623adcd0 JavaThread "Refresh Thread: Equinox Container: 31b38f45-0f7f-45eb-b4d6-00afa797c8dd" daemon [_thread_blocked, id=13816, stack(0x0000006d0c800000,0x0000006d0c900000) (1024K)]
  0x0000020d68a66850 JavaThread "Framework Event Dispatcher: Equinox Container: 31b38f45-0f7f-45eb-b4d6-00afa797c8dd" daemon [_thread_blocked, id=21516, stack(0x0000006d0ca00000,0x0000006d0cb00000) (1024K)]
=>0x0000020d68a67290 JavaThread "Start Level: Equinox Container: 31b38f45-0f7f-45eb-b4d6-00afa797c8dd" daemon [_thread_in_vm, id=13172, stack(0x0000006d0d100000,0x0000006d0d200000) (1024K)]
  0x0000020d68b226e0 JavaThread "Bundle File Closer"         daemon [_thread_blocked, id=4524, stack(0x0000006d0d600000,0x0000006d0d700000) (1024K)]
  0x0000020d691d7de0 JavaThread "C1 CompilerThread1"         daemon [_thread_blocked, id=21884, stack(0x0000006d0d300000,0x0000006d0d400000) (1024K)]
  0x0000020d68454580 JavaThread "SCR Component Actor"        daemon [_thread_blocked, id=29256, stack(0x0000006d0d700000,0x0000006d0d800000) (1024K)]
  0x0000020d6880b560 JavaThread "Worker-JM"                         [_thread_blocked, id=28588, stack(0x0000006d0d800000,0x0000006d0d900000) (1024K)]
  0x0000020d68808e00 JavaThread "JNA Cleaner"                daemon [_thread_blocked, id=26796, stack(0x0000006d0db00000,0x0000006d0dc00000) (1024K)]
  0x0000020d6880aed0 JavaThread "Worker-0: Checking project encoding"        [_thread_blocked, id=24996, stack(0x0000006d0dc00000,0x0000006d0dd00000) (1024K)]
  0x0000020d6880f910 JavaThread "C2 CompilerThread1"         daemon [_thread_blocked, id=29588, stack(0x0000006d0dd00000,0x0000006d0de00000) (1024K)]
  0x0000020d6880a1b0 JavaThread "Worker-1"                          [_thread_blocked, id=11620, stack(0x0000006d0de00000,0x0000006d0df00000) (1024K)]
Total: 23

Other Threads:
  0x0000020d4a272790 VMThread "VM Thread"                           [id=25880, stack(0x0000006d0bc00000,0x0000006d0bd00000) (1024K)]
  0x0000020d60b5ba00 WatcherThread "VM Periodic Task Thread"        [id=14440, stack(0x0000006d0bb00000,0x0000006d0bc00000) (1024K)]
  0x0000020d4a1ef070 WorkerThread "GC Thread#0"                     [id=24600, stack(0x0000006d0ba00000,0x0000006d0bb00000) (1024K)]
  0x0000020d681ad8c0 WorkerThread "GC Thread#1"                     [id=7920, stack(0x0000006d0cb00000,0x0000006d0cc00000) (1024K)]
  0x0000020d6852a8f0 WorkerThread "GC Thread#2"                     [id=28184, stack(0x0000006d0cc00000,0x0000006d0cd00000) (1024K)]
  0x0000020d68a28440 WorkerThread "GC Thread#3"                     [id=29904, stack(0x0000006d0cd00000,0x0000006d0ce00000) (1024K)]
  0x0000020d68a27020 WorkerThread "GC Thread#4"                     [id=18988, stack(0x0000006d0ce00000,0x0000006d0cf00000) (1024K)]
  0x0000020d68a287f0 WorkerThread "GC Thread#5"                     [id=30012, stack(0x0000006d0cf00000,0x0000006d0d000000) (1024K)]
  0x0000020d686fa5e0 WorkerThread "GC Thread#6"                     [id=19460, stack(0x0000006d0d000000,0x0000006d0d100000) (1024K)]
  0x0000020d68c2c710 WorkerThread "GC Thread#7"                     [id=18144, stack(0x0000006d0d500000,0x0000006d0d600000) (1024K)]
  0x0000020d68bd7450 WorkerThread "GC Thread#8"                     [id=13516, stack(0x0000006d0c500000,0x0000006d0c600000) (1024K)]
  0x0000020d68e147c0 WorkerThread "GC Thread#9"                     [id=20580, stack(0x0000006d0c600000,0x0000006d0c700000) (1024K)]
  0x0000020d68e14b70 WorkerThread "GC Thread#10"                    [id=27304, stack(0x0000006d0d200000,0x0000006d0d300000) (1024K)]
  0x0000020d68fed260 WorkerThread "GC Thread#11"                    [id=10336, stack(0x0000006d0d900000,0x0000006d0da00000) (1024K)]
  0x0000020d68fed610 WorkerThread "GC Thread#12"                    [id=24980, stack(0x0000006d0da00000,0x0000006d0db00000) (1024K)]
Total: 15

Threads with active compile tasks:
Total: 0

VM state: not at safepoint (normal execution)

VM Mutex/Monitor currently owned by a thread: None

Heap address: 0x0000000080000000, size: 2048 MB, Compressed Oops mode: 32-bit

CDS archive(s) mapped at: [0x0000020d00000000-0x0000020d00ba0000-0x0000020d00ba0000), size 12189696, SharedBaseAddress: 0x0000020d00000000, ArchiveRelocationMode: 1.
Compressed class space mapped at: 0x0000020d01000000-0x0000020d41000000, reserved size: 1073741824
Narrow klass base: 0x0000020d00000000, Narrow klass shift: 0, Narrow klass range: 0x100000000

GC Precious Log:
 CardTable entry size: 512
 CPUs: 16 total, 16 available
 Memory: 15182M
 Large Page Support: Disabled
 NUMA Support: Disabled
 Compressed Oops: Enabled (32-bit)
 Alignments: Space 512K, Generation 512K, Heap 2M
 Heap Min Capacity: 100M
 Heap Initial Capacity: 100M
 Heap Max Capacity: 2G
 Pre-touch: Disabled
 Parallel Workers: 13

Heap:
 PSYoungGen      total 29184K, used 27555K [0x00000000d5580000, 0x00000000d7900000, 0x0000000100000000)
  eden space 25088K, 93% used [0x00000000d5580000,0x00000000d6c6cba8,0x00000000d6e00000)
  from space 4096K, 99% used [0x00000000d6e80000,0x00000000d727c0f8,0x00000000d7280000)
  to   space 5632K, 0% used [0x00000000d7380000,0x00000000d7380000,0x00000000d7900000)
 ParOldGen       total 68608K, used 7647K [0x0000000080000000, 0x0000000084300000, 0x00000000d5580000)
  object space 68608K, 11% used [0x0000000080000000,0x0000000080777c48,0x0000000084300000)
 Metaspace       used 17540K, committed 18112K, reserved 1114112K
  class space    used 1818K, committed 2048K, reserved 1048576K

Card table byte_map: [0x0000020d49b70000,0x0000020d49f80000] _byte_map_base: 0x0000020d49770000

Marking Bits: (ParMarkBitMap*) 0x00007ffba73c3450
 Begin Bits: [0x0000020d5c680000, 0x0000020d5e680000)
 End Bits:   [0x0000020d5e680000, 0x0000020d60680000)

Polling page: 0x0000020d48080000

Metaspace:

Usage:
  Non-class:     15.35 MB used.
      Class:      1.78 MB used.
       Both:     17.13 MB used.

Virtual space:
  Non-class space:       64.00 MB reserved,      15.69 MB ( 25%) committed,  1 nodes.
      Class space:        1.00 GB reserved,       2.00 MB ( <1%) committed,  1 nodes.
             Both:        1.06 GB reserved,      17.69 MB (  2%) committed. 

Chunk freelists:
   Non-Class:  15.81 MB
       Class:  13.94 MB
        Both:  29.75 MB

MaxMetaspaceSize: unlimited
CompressedClassSpaceSize: 1.00 GB
Initial GC threshold: 21.00 MB
Current GC threshold: 21.00 MB
CDS: on
 - commit_granule_bytes: 65536.
 - commit_granule_words: 8192.
 - virtual_space_node_default_size: 8388608.
 - enlarge_chunks_in_place: 1.
 - use_allocation_guard: 0.


Internal statistics:

num_allocs_failed_limit: 0.
num_arena_births: 500.
num_arena_deaths: 0.
num_vsnodes_births: 2.
num_vsnodes_deaths: 0.
num_space_committed: 283.
num_space_uncommitted: 0.
num_chunks_returned_to_freelist: 0.
num_chunks_taken_from_freelist: 1125.
num_chunk_merges: 0.
num_chunk_splits: 705.
num_chunks_enlarged: 461.
num_inconsistent_stats: 0.

CodeHeap 'non-profiled nmethods': size=119168Kb used=1619Kb max_used=1619Kb free=117548Kb
 bounds [0x0000020d54f70000, 0x0000020d551e0000, 0x0000020d5c3d0000]
CodeHeap 'profiled nmethods': size=119104Kb used=7452Kb max_used=7452Kb free=111651Kb
 bounds [0x0000020d4d3d0000, 0x0000020d4db20000, 0x0000020d54820000]
CodeHeap 'non-nmethods': size=7488Kb used=1835Kb max_used=2933Kb free=5652Kb
 bounds [0x0000020d54820000, 0x0000020d54b10000, 0x0000020d54f70000]
CodeCache: size=245760Kb, used=10906Kb, max_used=12004Kb, free=234851Kb
 total_blobs=4143, nmethods=3595, adapters=453, full_count=0
Compilation: enabled, stopped_count=0, restarted_count=0

Compilation events (20 events):
Event: 14.611 Thread 0x0000020d691d7de0 3588       3       java.util.concurrent.locks.ReentrantLock$NonfairSync::initialTryLock (58 bytes)
Event: 14.612 Thread 0x0000020d691d7de0 nmethod 3588 0x0000020d4db13b90 code [0x0000020d4db13d80, 0x0000020d4db14120]
Event: 14.616 Thread 0x0000020d6880f910 3589       4       jdk.internal.misc.Unsafe::allocateUninitializedArray (55 bytes)
Event: 14.620 Thread 0x0000020d6880f910 nmethod 3589 0x0000020d55104790 code [0x0000020d55104920, 0x0000020d55104ae0]
Event: 14.624 Thread 0x0000020d691d7de0 3590       1       org.apache.felix.scr.impl.BundleComponentActivator::getBundleContext (5 bytes)
Event: 14.624 Thread 0x0000020d6203fd00 3591       3       java.lang.ref.SoftReference::get (29 bytes)
Event: 14.624 Thread 0x0000020d691d7de0 nmethod 3590 0x0000020d55104c10 code [0x0000020d55104da0, 0x0000020d55104e68]
Event: 14.624 Thread 0x0000020d6203fd00 nmethod 3591 0x0000020d4db14210 code [0x0000020d4db143c0, 0x0000020d4db14558]
Event: 14.624 Thread 0x0000020d6203fd00 3592       3       java.lang.invoke.MethodHandles$Lookup::getDirectMethodNoSecurityManager (18 bytes)
Event: 14.625 Thread 0x0000020d6203fd00 nmethod 3592 0x0000020d4db14610 code [0x0000020d4db147c0, 0x0000020d4db14910]
Event: 14.625 Thread 0x0000020d6203fd00 3593       3       java.lang.reflect.Field::getRoot (5 bytes)
Event: 14.625 Thread 0x0000020d691d7de0 3594       3       jdk.internal.reflect.ReflectionFactory::useFieldHandleAccessor (18 bytes)
Event: 14.625 Thread 0x0000020d6203fd00 nmethod 3593 0x0000020d4db14a10 code [0x0000020d4db14ba0, 0x0000020d4db14cc0]
Event: 14.625 Thread 0x0000020d6203fd00 3595   !   3       jdk.internal.reflect.MethodHandleAccessorFactory::newFieldAccessor (240 bytes)
Event: 14.625 Thread 0x0000020d691d7de0 nmethod 3594 0x0000020d4db14d90 code [0x0000020d4db14f40, 0x0000020d4db150c0]
Event: 14.625 Thread 0x0000020d691d7de0 3596       3       jdk.internal.reflect.MethodHandleFieldAccessorImpl::<init> (44 bytes)
Event: 14.626 Thread 0x0000020d691d7de0 nmethod 3596 0x0000020d4db15190 code [0x0000020d4db15340, 0x0000020d4db15650]
Event: 14.626 Thread 0x0000020d691d7de0 3597       3       jdk.internal.reflect.FieldAccessorImpl::<init> (10 bytes)
Event: 14.626 Thread 0x0000020d691d7de0 nmethod 3597 0x0000020d4db15790 code [0x0000020d4db15940, 0x0000020d4db15b28]
Event: 14.627 Thread 0x0000020d6203fd00 nmethod 3595 0x0000020d4db15c10 code [0x0000020d4db15f80, 0x0000020d4db16d98]

GC Heap History (10 events):
Event: 1.224 GC heap before
{Heap before GC invocations=1 (full 0):
 PSYoungGen      total 29696K, used 25600K [0x00000000d5580000, 0x00000000d7680000, 0x0000000100000000)
  eden space 25600K, 100% used [0x00000000d5580000,0x00000000d6e80000,0x00000000d6e80000)
  from space 4096K, 0% used [0x00000000d7280000,0x00000000d7280000,0x00000000d7680000)
  to   space 4096K, 0% used [0x00000000d6e80000,0x00000000d6e80000,0x00000000d7280000)
 ParOldGen       total 68608K, used 0K [0x0000000080000000, 0x0000000084300000, 0x00000000d5580000)
  object space 68608K, 0% used [0x0000000080000000,0x0000000080000000,0x0000000084300000)
 Metaspace       used 4222K, committed 4480K, reserved 1114112K
  class space    used 464K, committed 576K, reserved 1048576K
}
Event: 1.238 GC heap after
{Heap after GC invocations=1 (full 0):
 PSYoungGen      total 29696K, used 3787K [0x00000000d5580000, 0x00000000d7680000, 0x0000000100000000)
  eden space 25600K, 0% used [0x00000000d5580000,0x00000000d5580000,0x00000000d6e80000)
  from space 4096K, 92% used [0x00000000d6e80000,0x00000000d7232ff0,0x00000000d7280000)
  to   space 4096K, 0% used [0x00000000d7280000,0x00000000d7280000,0x00000000d7680000)
 ParOldGen       total 68608K, used 16K [0x0000000080000000, 0x0000000084300000, 0x00000000d5580000)
  object space 68608K, 0% used [0x0000000080000000,0x0000000080004000,0x0000000084300000)
 Metaspace       used 4222K, committed 4480K, reserved 1114112K
  class space    used 464K, committed 576K, reserved 1048576K
}
Event: 2.239 GC heap before
{Heap before GC invocations=2 (full 0):
 PSYoungGen      total 29696K, used 29387K [0x00000000d5580000, 0x00000000d7680000, 0x0000000100000000)
  eden space 25600K, 100% used [0x00000000d5580000,0x00000000d6e80000,0x00000000d6e80000)
  from space 4096K, 92% used [0x00000000d6e80000,0x00000000d7232ff0,0x00000000d7280000)
  to   space 4096K, 0% used [0x00000000d7280000,0x00000000d7280000,0x00000000d7680000)
 ParOldGen       total 68608K, used 16K [0x0000000080000000, 0x0000000084300000, 0x00000000d5580000)
  object space 68608K, 0% used [0x0000000080000000,0x0000000080004000,0x0000000084300000)
 Metaspace       used 7922K, committed 8256K, reserved 1114112K
  class space    used 816K, committed 960K, reserved 1048576K
}
Event: 2.251 GC heap after
{Heap after GC invocations=2 (full 0):
 PSYoungGen      total 29696K, used 4086K [0x00000000d5580000, 0x00000000d7680000, 0x0000000100000000)
  eden space 25600K, 0% used [0x00000000d5580000,0x00000000d5580000,0x00000000d6e80000)
  from space 4096K, 99% used [0x00000000d7280000,0x00000000d767d810,0x00000000d7680000)
  to   space 4096K, 0% used [0x00000000d6e80000,0x00000000d6e80000,0x00000000d7280000)
 ParOldGen       total 68608K, used 1945K [0x0000000080000000, 0x0000000084300000, 0x00000000d5580000)
  object space 68608K, 2% used [0x0000000080000000,0x00000000801e66a8,0x0000000084300000)
 Metaspace       used 7922K, committed 8256K, reserved 1114112K
  class space    used 816K, committed 960K, reserved 1048576K
}
Event: 8.958 GC heap before
{Heap before GC invocations=3 (full 0):
 PSYoungGen      total 29696K, used 29686K [0x00000000d5580000, 0x00000000d7680000, 0x0000000100000000)
  eden space 25600K, 100% used [0x00000000d5580000,0x00000000d6e80000,0x00000000d6e80000)
  from space 4096K, 99% used [0x00000000d7280000,0x00000000d767d810,0x00000000d7680000)
  to   space 4096K, 0% used [0x00000000d6e80000,0x00000000d6e80000,0x00000000d7280000)
 ParOldGen       total 68608K, used 1945K [0x0000000080000000, 0x0000000084300000, 0x00000000d5580000)
  object space 68608K, 2% used [0x0000000080000000,0x00000000801e66a8,0x0000000084300000)
 Metaspace       used 9474K, committed 9792K, reserved 1114112K
  class space    used 1005K, committed 1152K, reserved 1048576K
}
Event: 8.969 GC heap after
{Heap after GC invocations=3 (full 0):
 PSYoungGen      total 29696K, used 4091K [0x00000000d5580000, 0x00000000d7680000, 0x0000000100000000)
  eden space 25600K, 0% used [0x00000000d5580000,0x00000000d5580000,0x00000000d6e80000)
  from space 4096K, 99% used [0x00000000d6e80000,0x00000000d727eee8,0x00000000d7280000)
  to   space 4096K, 0% used [0x00000000d7280000,0x00000000d7280000,0x00000000d7680000)
 ParOldGen       total 68608K, used 4436K [0x0000000080000000, 0x0000000084300000, 0x00000000d5580000)
  object space 68608K, 6% used [0x0000000080000000,0x00000000804552a8,0x0000000084300000)
 Metaspace       used 9474K, committed 9792K, reserved 1114112K
  class space    used 1005K, committed 1152K, reserved 1048576K
}
Event: 11.575 GC heap before
{Heap before GC invocations=4 (full 0):
 PSYoungGen      total 29696K, used 29691K [0x00000000d5580000, 0x00000000d7680000, 0x0000000100000000)
  eden space 25600K, 100% used [0x00000000d5580000,0x00000000d6e80000,0x00000000d6e80000)
  from space 4096K, 99% used [0x00000000d6e80000,0x00000000d727eee8,0x00000000d7280000)
  to   space 4096K, 0% used [0x00000000d7280000,0x00000000d7280000,0x00000000d7680000)
 ParOldGen       total 68608K, used 4436K [0x0000000080000000, 0x0000000084300000, 0x00000000d5580000)
  object space 68608K, 6% used [0x0000000080000000,0x00000000804552a8,0x0000000084300000)
 Metaspace       used 11414K, committed 11776K, reserved 1114112K
  class space    used 1195K, committed 1344K, reserved 1048576K
}
Event: 11.585 GC heap after
{Heap after GC invocations=4 (full 0):
 PSYoungGen      total 29696K, used 4095K [0x00000000d5580000, 0x00000000d7680000, 0x0000000100000000)
  eden space 25600K, 0% used [0x00000000d5580000,0x00000000d5580000,0x00000000d6e80000)
  from space 4096K, 99% used [0x00000000d7280000,0x00000000d767ffb8,0x00000000d7680000)
  to   space 4096K, 0% used [0x00000000d6e80000,0x00000000d6e80000,0x00000000d7280000)
 ParOldGen       total 68608K, used 6645K [0x0000000080000000, 0x0000000084300000, 0x00000000d5580000)
  object space 68608K, 9% used [0x0000000080000000,0x000000008067d7c8,0x0000000084300000)
 Metaspace       used 11414K, committed 11776K, reserved 1114112K
  class space    used 1195K, committed 1344K, reserved 1048576K
}
Event: 13.484 GC heap before
{Heap before GC invocations=5 (full 0):
 PSYoungGen      total 29696K, used 29695K [0x00000000d5580000, 0x00000000d7680000, 0x0000000100000000)
  eden space 25600K, 100% used [0x00000000d5580000,0x00000000d6e80000,0x00000000d6e80000)
  from space 4096K, 99% used [0x00000000d7280000,0x00000000d767ffb8,0x00000000d7680000)
  to   space 4096K, 0% used [0x00000000d6e80000,0x00000000d6e80000,0x00000000d7280000)
 ParOldGen       total 68608K, used 6645K [0x0000000080000000, 0x0000000084300000, 0x00000000d5580000)
  object space 68608K, 9% used [0x0000000080000000,0x000000008067d7c8,0x0000000084300000)
 Metaspace       used 15309K, committed 15872K, reserved 1114112K
  class space    used 1579K, committed 1792K, reserved 1048576K
}
Event: 13.491 GC heap after
{Heap after GC invocations=5 (full 0):
 PSYoungGen      total 29184K, used 4080K [0x00000000d5580000, 0x00000000d7900000, 0x0000000100000000)
  eden space 25088K, 0% used [0x00000000d5580000,0x00000000d5580000,0x00000000d6e00000)
  from space 4096K, 99% used [0x00000000d6e80000,0x00000000d727c0f8,0x00000000d7280000)
  to   space 5632K, 0% used [0x00000000d7380000,0x00000000d7380000,0x00000000d7900000)
 ParOldGen       total 68608K, used 7647K [0x0000000080000000, 0x0000000084300000, 0x00000000d5580000)
  object space 68608K, 11% used [0x0000000080000000,0x0000000080777c48,0x0000000084300000)
 Metaspace       used 15309K, committed 15872K, reserved 1114112K
  class space    used 1579K, committed 1792K, reserved 1048576K
}

Dll operation events (10 events):
Event: 0.021 Loaded shared library c:\Users\THINKPAD\.vscode\extensions\redhat.java-1.54.0-win32-x64\jre\21.0.10-win32-x86_64\bin\java.dll
Event: 0.160 Loaded shared library c:\Users\THINKPAD\.vscode\extensions\redhat.java-1.54.0-win32-x64\jre\21.0.10-win32-x86_64\bin\zip.dll
Event: 0.198 Loaded shared library C:\Users\THINKPAD\.vscode\extensions\redhat.java-1.54.0-win32-x64\jre\21.0.10-win32-x86_64\bin\instrument.dll
Event: 0.205 Loaded shared library C:\Users\THINKPAD\.vscode\extensions\redhat.java-1.54.0-win32-x64\jre\21.0.10-win32-x86_64\bin\net.dll
Event: 0.209 Loaded shared library C:\Users\THINKPAD\.vscode\extensions\redhat.java-1.54.0-win32-x64\jre\21.0.10-win32-x86_64\bin\nio.dll
Event: 0.213 Loaded shared library C:\Users\THINKPAD\.vscode\extensions\redhat.java-1.54.0-win32-x64\jre\21.0.10-win32-x86_64\bin\zip.dll
Event: 0.239 Loaded shared library C:\Users\THINKPAD\.vscode\extensions\redhat.java-1.54.0-win32-x64\jre\21.0.10-win32-x86_64\bin\jimage.dll
Event: 0.354 Loaded shared library c:\Users\THINKPAD\.vscode\extensions\redhat.java-1.54.0-win32-x64\jre\21.0.10-win32-x86_64\bin\verify.dll
Event: 3.545 Loaded shared library C:\Users\THINKPAD\AppData\Roaming\Code\User\globalStorage\redhat.java\1.54.0\config_win\org.eclipse.equinox.launcher\org.eclipse.equinox.launcher.win32.win32.x86_64_1.3.0.v20260203-2149\eclipse_11919.dll
Event: 14.140 Loaded shared library C:\Users\THINKPAD\AppData\Local\Temp\jna-2007211617\jna14401417204627513993.dll

Deoptimization events (20 events):
Event: 14.431 Thread 0x0000020d68a67290 DEOPT PACKING pc=0x0000020d4d48d478 sp=0x0000006d0d1f9760
Event: 14.431 Thread 0x0000020d68a67290 DEOPT UNPACKING pc=0x0000020d54874242 sp=0x0000006d0d1f8c48 mode 0
Event: 14.441 Thread 0x0000020d68a67290 DEOPT PACKING pc=0x0000020d4d91e41f sp=0x0000006d0d1f9b30
Event: 14.441 Thread 0x0000020d68a67290 DEOPT UNPACKING pc=0x0000020d54874242 sp=0x0000006d0d1f9008 mode 0
Event: 14.442 Thread 0x0000020d68a67290 DEOPT PACKING pc=0x0000020d4d63c57b sp=0x0000006d0d1f9770
Event: 14.442 Thread 0x0000020d68a67290 DEOPT UNPACKING pc=0x0000020d54874242 sp=0x0000006d0d1f8ca8 mode 0
Event: 14.462 Thread 0x0000020d68a67290 DEOPT PACKING pc=0x0000020d4d91e41f sp=0x0000006d0d1f99f0
Event: 14.463 Thread 0x0000020d68a67290 DEOPT UNPACKING pc=0x0000020d54874242 sp=0x0000006d0d1f8ec8 mode 0
Event: 14.477 Thread 0x0000020d68a67290 DEOPT PACKING pc=0x0000020d4daf4a41 sp=0x0000006d0d1f9880
Event: 14.477 Thread 0x0000020d68a67290 DEOPT UNPACKING pc=0x0000020d54874242 sp=0x0000006d0d1f8d48 mode 0
Event: 14.487 Thread 0x0000020d68a67290 DEOPT PACKING pc=0x0000020d4d746046 sp=0x0000006d0d1f9630
Event: 14.487 Thread 0x0000020d68a67290 DEOPT UNPACKING pc=0x0000020d54874242 sp=0x0000006d0d1f8bb0 mode 0
Event: 14.487 Thread 0x0000020d68a67290 Uncommon trap: trap_request=0xffffff45 fr.pc=0x0000020d550397ec relative=0x000000000000004c
Event: 14.487 Thread 0x0000020d68a67290 Uncommon trap: reason=unstable_if action=reinterpret pc=0x0000020d550397ec method=sun.nio.fs.WindowsPathParser.isSlash(C)Z @ 9 c2
Event: 14.487 Thread 0x0000020d68a67290 DEOPT PACKING pc=0x0000020d550397ec sp=0x0000006d0d1f96c0
Event: 14.487 Thread 0x0000020d68a67290 DEOPT UNPACKING pc=0x0000020d54873aa2 sp=0x0000006d0d1f9648 mode 2
Event: 14.606 Thread 0x0000020d6880aed0 Uncommon trap: trap_request=0xffffff45 fr.pc=0x0000020d55068260 relative=0x00000000000000c0
Event: 14.606 Thread 0x0000020d6880aed0 Uncommon trap: reason=unstable_if action=reinterpret pc=0x0000020d55068260 method=java.util.concurrent.locks.ReentrantLock$NonfairSync.initialTryLock()Z @ 25 c2
Event: 14.606 Thread 0x0000020d6880aed0 DEOPT PACKING pc=0x0000020d55068260 sp=0x0000006d0dcfdcc0
Event: 14.606 Thread 0x0000020d6880aed0 DEOPT UNPACKING pc=0x0000020d54873aa2 sp=0x0000006d0dcfdc40 mode 2

Classes loaded (20 events):
Event: 14.174 Loading class java/lang/annotation/Documented
Event: 14.174 Loading class java/lang/annotation/Documented done
Event: 14.178 Loading class java/lang/reflect/UndeclaredThrowableException
Event: 14.178 Loading class java/lang/reflect/UndeclaredThrowableException done
Event: 14.179 Loading class java/lang/Class$AnnotationData
Event: 14.179 Loading class java/lang/Class$AnnotationData done
Event: 14.181 Loading class jdk/internal/reflect/MethodHandleIntegerFieldAccessorImpl
Event: 14.182 Loading class jdk/internal/reflect/MethodHandleIntegerFieldAccessorImpl done
Event: 14.201 Loading class java/io/PrintWriter
Event: 14.202 Loading class java/io/PrintWriter done
Event: 14.214 Loading class jdk/internal/reflect/MethodHandleShortFieldAccessorImpl
Event: 14.214 Loading class jdk/internal/reflect/MethodHandleShortFieldAccessorImpl done
Event: 14.214 Loading class java/lang/Short$ShortCache
Event: 14.214 Loading class java/lang/Short$ShortCache done
Event: 14.263 Loading class java/util/function/LongUnaryOperator
Event: 14.264 Loading class java/util/function/LongUnaryOperator done
Event: 14.264 Loading class java/lang/ThreadDeath
Event: 14.264 Loading class java/lang/ThreadDeath done
Event: 14.281 Loading class java/util/stream/SortedOps$SizedRefSortingSink
Event: 14.282 Loading class java/util/stream/SortedOps$SizedRefSortingSink done

Classes unloaded (0 events):
No events

Classes redefined (0 events):
No events

Internal exceptions (20 events):
Event: 13.452 Thread 0x0000020d68a67290 Exception <a 'java/io/FileNotFoundException'{0x00000000d6d1d310}> (0x00000000d6d1d310) 
thrown [s\src\hotspot\share\prims\jni.cpp, line 520]
Event: 13.613 Thread 0x0000020d68a67290 Exception <a 'java/lang/NoSuchMethodError'{0x00000000d57a9c68}: 'java.lang.Object java.lang.invoke.DirectMethodHandle$Holder.newInvokeSpecial(java.lang.Object, java.lang.Object, java.lang.Object, java.lang.Object, java.lang.Object)'> (0x00000000d57a9c68) 
thrown [s\src\hotspot\share\interpreter\linkResolver.cpp, line 773]
Event: 13.792 Thread 0x0000020d68a67290 Exception <a 'java/lang/NoSuchMethodError'{0x00000000d605f900}: 'java.lang.Object java.lang.invoke.DirectMethodHandle$Holder.invokeStaticInit(java.lang.Object, int)'> (0x00000000d605f900) 
thrown [s\src\hotspot\share\interpreter\linkResolver.cpp, line 773]
Event: 13.928 Thread 0x0000020d68a67290 Exception <a 'java/lang/NoSuchMethodError'{0x00000000d6381668}: 'java.lang.Object java.lang.invoke.DirectMethodHandle$Holder.invokeStaticInit(java.lang.Object, int, int, int, int)'> (0x00000000d6381668) 
thrown [s\src\hotspot\share\interpreter\linkResolver.cpp, line 773]
Event: 13.984 Thread 0x0000020d68a67290 Exception <a 'java/lang/NoSuchMethodError'{0x00000000d6465e10}: 'java.lang.Object java.lang.invoke.DirectMethodHandle$Holder.invokeStaticInit(java.lang.Object, java.lang.Object, int, int, int, int)'> (0x00000000d6465e10) 
thrown [s\src\hotspot\share\interpreter\linkResolver.cpp, line 773]
Event: 14.182 Thread 0x0000020d68a67290 Exception <a 'java/lang/NoSuchMethodError'{0x00000000d657cd00}: 'void java.lang.invoke.DirectMethodHandle$Holder.invokeSpecial(java.lang.Object, java.lang.Object, java.lang.Object, int)'> (0x00000000d657cd00) 
thrown [s\src\hotspot\share\interpreter\linkResolver.cpp, line 773]
Event: 14.183 Thread 0x0000020d68a67290 Exception <a 'java/lang/NoSuchMethodError'{0x00000000d6580690}: 'void java.lang.invoke.DelegatingMethodHandle$Holder.reinvoke_L(java.lang.Object, java.lang.Object, int)'> (0x00000000d6580690) 
thrown [s\src\hotspot\share\interpreter\linkResolver.cpp, line 773]
Event: 14.184 Thread 0x0000020d68a67290 Exception <a 'java/lang/NoSuchMethodError'{0x00000000d6587378}: 'int java.lang.invoke.Invokers$Holder.invokeExact_MT(java.lang.Object, java.lang.Object, java.lang.Object)'> (0x00000000d6587378) 
thrown [s\src\hotspot\share\interpreter\linkResolver.cpp, line 773]
Event: 14.218 Thread 0x0000020d68a67290 Exception <a 'java/lang/NoSuchMethodError'{0x00000000d66a82e8}: 'void java.lang.invoke.Invokers$Holder.invokeExact_MT(java.lang.Object, java.lang.Object, int, java.lang.Object)'> (0x00000000d66a82e8) 
thrown [s\src\hotspot\share\interpreter\linkResolver.cpp, line 773]
Event: 14.260 Thread 0x0000020d68a67290 Exception <a 'java/lang/NoSuchMethodError'{0x00000000d67cea38}: 'java.lang.Object java.lang.invoke.DirectMethodHandle$Holder.invokeSpecial(java.lang.Object, java.lang.Object, java.lang.Object, long, java.lang.Object)'> (0x00000000d67cea38) 
thrown [s\src\hotspot\share\interpreter\linkResolver.cpp, line 773]
Event: 14.262 Thread 0x0000020d68a67290 Exception <a 'java/lang/NoSuchMethodError'{0x00000000d67d6280}: 'java.lang.Object java.lang.invoke.DirectMethodHandle$Holder.newInvokeSpecial(java.lang.Object, java.lang.Object, java.lang.Object, long)'> (0x00000000d67d6280) 
thrown [s\src\hotspot\share\interpreter\linkResolver.cpp, line 773]
Event: 14.262 Thread 0x0000020d68a67290 Exception <a 'java/lang/NoSuchMethodError'{0x00000000d67da630}: 'java.lang.Object java.lang.invoke.DirectMethodHandle$Holder.invokeSpecial(java.lang.Object, java.lang.Object, java.lang.Object, java.lang.Object, long)'> (0x00000000d67da630) 
thrown [s\src\hotspot\share\interpreter\linkResolver.cpp, line 773]
Event: 14.262 Thread 0x0000020d68a67290 Exception <a 'java/lang/NoSuchMethodError'{0x00000000d67de250}: 'java.lang.Object java.lang.invoke.Invokers$Holder.linkToTargetMethod(java.lang.Object, java.lang.Object, long, java.lang.Object)'> (0x00000000d67de250) 
thrown [s\src\hotspot\share\interpreter\linkResolver.cpp, line 773]
Event: 14.276 Thread 0x0000020d68a67290 Exception <a 'java/lang/NoSuchMethodError'{0x00000000d68543b0}: 'int java.lang.invoke.DirectMethodHandle$Holder.invokeStaticInit(java.lang.Object, java.lang.Object, java.lang.Object)'> (0x00000000d68543b0) 
thrown [s\src\hotspot\share\interpreter\linkResolver.cpp, line 773]
Event: 14.297 Thread 0x0000020d68a67290 Exception <a 'java/lang/IncompatibleClassChangeError'{0x00000000d69031f8}: Found class java.lang.Object, but interface was expected> (0x00000000d69031f8) 
thrown [s\src\hotspot\share\interpreter\linkResolver.cpp, line 840]
Event: 14.599 Thread 0x0000020d68a67290 Exception <a 'java/lang/NoSuchMethodError'{0x00000000d6b594a8}: 'java.lang.Object java.lang.invoke.DirectMethodHandle$Holder.invokeSpecial(java.lang.Object, java.lang.Object, java.lang.Object, int, java.lang.Object, java.lang.Object)'> (0x00000000d6b594a8) 
thrown [s\src\hotspot\share\interpreter\linkResolver.cpp, line 773]
Event: 14.600 Thread 0x0000020d68a67290 Exception <a 'java/lang/NoSuchMethodError'{0x00000000d6b60ec0}: 'java.lang.Object java.lang.invoke.DirectMethodHandle$Holder.newInvokeSpecial(java.lang.Object, java.lang.Object, java.lang.Object, int, java.lang.Object)'> (0x00000000d6b60ec0) 
thrown [s\src\hotspot\share\interpreter\linkResolver.cpp, line 773]
Event: 14.601 Thread 0x0000020d68a67290 Exception <a 'java/lang/NoSuchMethodError'{0x00000000d6b64e40}: 'java.lang.Object java.lang.invoke.DirectMethodHandle$Holder.invokeSpecial(java.lang.Object, java.lang.Object, java.lang.Object, java.lang.Object, int, java.lang.Object)'> (0x00000000d6b64e40) 
thrown [s\src\hotspot\share\interpreter\linkResolver.cpp, line 773]
Event: 14.601 Thread 0x0000020d68a67290 Exception <a 'java/lang/NoSuchMethodError'{0x00000000d6b68980}: 'java.lang.Object java.lang.invoke.Invokers$Holder.linkToTargetMethod(java.lang.Object, java.lang.Object, int, java.lang.Object, java.lang.Object)'> (0x00000000d6b68980) 
thrown [s\src\hotspot\share\interpreter\linkResolver.cpp, line 773]
Event: 14.603 Thread 0x0000020d6880aed0 Exception <a 'java/lang/NoSuchMethodError'{0x00000000d68233e0}: 'java.lang.Object java.lang.invoke.DirectMethodHandle$Holder.invokeSpecial(java.lang.Object, java.lang.Object, int, java.lang.Object, java.lang.Object)'> (0x00000000d68233e0) 
thrown [s\src\hotspot\share\interpreter\linkResolver.cpp, line 773]

ZGC Phase Switch (0 events):
No events

VM Operations (20 events):
Event: 8.958 Executing safepoint VM operation: ParallelGCFailedAllocation (Allocation Failure)
Event: 8.969 Executing safepoint VM operation: ParallelGCFailedAllocation (Allocation Failure) done
Event: 9.594 Executing non-safepoint VM operation: HandshakeAllThreads (Deoptimize)
Event: 9.594 Executing non-safepoint VM operation: HandshakeAllThreads (Deoptimize) done
Event: 10.599 Executing safepoint VM operation: Cleanup
Event: 10.600 Executing safepoint VM operation: Cleanup done
Event: 11.574 Executing safepoint VM operation: ParallelGCFailedAllocation (Allocation Failure)
Event: 11.585 Executing safepoint VM operation: ParallelGCFailedAllocation (Allocation Failure) done
Event: 11.614 Executing non-safepoint VM operation: HandshakeAllThreads (Deoptimize)
Event: 11.614 Executing non-safepoint VM operation: HandshakeAllThreads (Deoptimize) done
Event: 12.628 Executing safepoint VM operation: Cleanup
Event: 12.628 Executing safepoint VM operation: Cleanup done
Event: 13.473 Executing non-safepoint VM operation: HandshakeAllThreads (Deoptimize)
Event: 13.473 Executing non-safepoint VM operation: HandshakeAllThreads (Deoptimize) done
Event: 13.483 Executing safepoint VM operation: ParallelGCFailedAllocation (Allocation Failure)
Event: 13.492 Executing safepoint VM operation: ParallelGCFailedAllocation (Allocation Failure) done
Event: 13.974 Executing non-safepoint VM operation: HandshakeAllThreads (Deoptimize)
Event: 13.974 Executing non-safepoint VM operation: HandshakeAllThreads (Deoptimize) done
Event: 14.155 Executing non-safepoint VM operation: HandshakeAllThreads (Deoptimize)
Event: 14.156 Executing non-safepoint VM operation: HandshakeAllThreads (Deoptimize) done

Memory protections (0 events):
No events

Nmethod flushes (0 events):
No events

Events (20 events):
Event: 4.872 Thread 0x0000020d68013670 Thread exited: 0x0000020d68013670
Event: 5.227 Thread 0x0000020d68012bb0 Thread exited: 0x0000020d68012bb0
Event: 5.528 Thread 0x0000020d68bd7450 Thread exited: 0x0000020d68bd7450
Event: 5.528 Thread 0x0000020d6213a560 Thread exited: 0x0000020d6213a560
Event: 8.980 Thread 0x0000020d6203fd00 Thread added: 0x0000020d687b2bc0
Event: 9.220 Thread 0x0000020d68a67290 Thread added: 0x0000020d68b226e0
Event: 9.953 Thread 0x0000020d687b2bc0 Thread exited: 0x0000020d687b2bc0
Event: 11.421 Thread 0x0000020d6203fd00 Thread added: 0x0000020d691d7de0
Event: 11.574 Thread 0x0000020d68a67290 Thread added: 0x0000020d68454580
Event: 12.096 Thread 0x0000020d691d7de0 Thread added: 0x0000020d68b909f0
Event: 12.512 Thread 0x0000020d68b909f0 Thread exited: 0x0000020d68b909f0
Event: 13.150 Thread 0x0000020d68a67290 Thread added: 0x0000020d6880b560
Event: 13.651 Thread 0x0000020d691d7de0 Thread added: 0x0000020d696724c0
Event: 14.153 Thread 0x0000020d696724c0 Thread exited: 0x0000020d696724c0
Event: 14.197 Thread 0x0000020d68a67290 Thread added: 0x0000020d68808e00
Event: 14.267 Thread 0x0000020d68a67290 Thread added: 0x0000020d6880aed0
Event: 14.392 Thread 0x0000020d4a288930 Thread added: 0x0000020d6880f910
Event: 14.447 Thread 0x0000020d691d7de0 Thread added: 0x0000020d683aded0
Event: 14.596 Thread 0x0000020d683aded0 Thread exited: 0x0000020d683aded0
Event: 14.605 Thread 0x0000020d68a67290 Thread added: 0x0000020d6880a1b0


Dynamic libraries:
0x00007ff7e9520000 - 0x00007ff7e952e000 	c:\Users\THINKPAD\.vscode\extensions\redhat.java-1.54.0-win32-x64\jre\21.0.10-win32-x86_64\bin\java.exe
0x00007ffc0a6e0000 - 0x00007ffc0a947000 	C:\WINDOWS\SYSTEM32\ntdll.dll
0x00007ffc097f0000 - 0x00007ffc098b9000 	C:\WINDOWS\System32\KERNEL32.DLL
0x00007ffc07fd0000 - 0x00007ffc083c7000 	C:\WINDOWS\System32\KERNELBASE.dll
0x00007ffc07290000 - 0x00007ffc073db000 	C:\WINDOWS\System32\ucrtbase.dll
0x00007ffbfc1e0000 - 0x00007ffbfc1f8000 	c:\Users\THINKPAD\.vscode\extensions\redhat.java-1.54.0-win32-x64\jre\21.0.10-win32-x86_64\bin\jli.dll
0x00007ffbfc0c0000 - 0x00007ffbfc0de000 	c:\Users\THINKPAD\.vscode\extensions\redhat.java-1.54.0-win32-x64\jre\21.0.10-win32-x86_64\bin\VCRUNTIME140.dll
0x00007ffc098c0000 - 0x00007ffc09a86000 	C:\WINDOWS\System32\USER32.dll
0x00007ffc07ef0000 - 0x00007ffc07f17000 	C:\WINDOWS\System32\win32u.dll
0x00007ffbf3ec0000 - 0x00007ffbf4152000 	C:\WINDOWS\WinSxS\amd64_microsoft.windows.common-controls_6595b64144ccf1df_6.0.26100.8457_none_3e0b2faee331e92d\COMCTL32.dll
0x00007ffc0a2e0000 - 0x00007ffc0a30b000 	C:\WINDOWS\System32\GDI32.dll
0x00007ffc093a0000 - 0x00007ffc09449000 	C:\WINDOWS\System32\msvcrt.dll
0x00007ffc073e0000 - 0x00007ffc0750c000 	C:\WINDOWS\System32\gdi32full.dll
0x00007ffc07510000 - 0x00007ffc075b3000 	C:\WINDOWS\System32\msvcp_win.dll
0x00007ffc0a2a0000 - 0x00007ffc0a2d2000 	C:\WINDOWS\System32\IMM32.DLL
0x00007ffc009c0000 - 0x00007ffc009cc000 	c:\Users\THINKPAD\.vscode\extensions\redhat.java-1.54.0-win32-x64\jre\21.0.10-win32-x86_64\bin\vcruntime140_1.dll
0x00007ffbc1a20000 - 0x00007ffbc1aad000 	c:\Users\THINKPAD\.vscode\extensions\redhat.java-1.54.0-win32-x64\jre\21.0.10-win32-x86_64\bin\msvcp140.dll
0x00007ffba6700000 - 0x00007ffba74a1000 	c:\Users\THINKPAD\.vscode\extensions\redhat.java-1.54.0-win32-x64\jre\21.0.10-win32-x86_64\bin\server\jvm.dll
0x00007ffc08ed0000 - 0x00007ffc08f86000 	C:\WINDOWS\System32\ADVAPI32.dll
0x00007ffc08ba0000 - 0x00007ffc08c47000 	C:\WINDOWS\System32\sechost.dll
0x00007ffc09450000 - 0x00007ffc09568000 	C:\WINDOWS\System32\RPCRT4.dll
0x00007ffc08c50000 - 0x00007ffc08cd0000 	C:\WINDOWS\System32\WS2_32.dll
0x00007ffbfed40000 - 0x00007ffbfed76000 	C:\WINDOWS\SYSTEM32\WINMM.dll
0x00007ffc06f70000 - 0x00007ffc06fce000 	C:\WINDOWS\SYSTEM32\POWRPROF.dll
0x00007ffbfed80000 - 0x00007ffbfed8b000 	C:\WINDOWS\SYSTEM32\VERSION.dll
0x00007ffc06f50000 - 0x00007ffc06f64000 	C:\WINDOWS\SYSTEM32\UMPDC.dll
0x00007ffc05e40000 - 0x00007ffc05e5b000 	C:\WINDOWS\SYSTEM32\kernel.appcore.dll
0x00007ffc001d0000 - 0x00007ffc001da000 	c:\Users\THINKPAD\.vscode\extensions\redhat.java-1.54.0-win32-x64\jre\21.0.10-win32-x86_64\bin\jimage.dll
0x00007ffc050f0000 - 0x00007ffc05332000 	C:\WINDOWS\SYSTEM32\DBGHELP.DLL
0x00007ffc08f90000 - 0x00007ffc09313000 	C:\WINDOWS\System32\combase.dll
0x00007ffc08cf0000 - 0x00007ffc08dc9000 	C:\WINDOWS\System32\OLEAUT32.dll
0x00007ffbf41a0000 - 0x00007ffbf41db000 	C:\WINDOWS\SYSTEM32\dbgcore.DLL
0x00007ffc07f20000 - 0x00007ffc07fc8000 	C:\WINDOWS\System32\bcryptPrimitives.dll
0x00007ffc00190000 - 0x00007ffc0019f000 	c:\Users\THINKPAD\.vscode\extensions\redhat.java-1.54.0-win32-x64\jre\21.0.10-win32-x86_64\bin\instrument.dll
0x00007ffbf8f20000 - 0x00007ffbf8f40000 	c:\Users\THINKPAD\.vscode\extensions\redhat.java-1.54.0-win32-x64\jre\21.0.10-win32-x86_64\bin\java.dll
0x00007ffc09b20000 - 0x00007ffc0a28e000 	C:\WINDOWS\System32\SHELL32.dll
0x00007ffc075c0000 - 0x00007ffc07e2c000 	C:\WINDOWS\System32\windows.storage.dll
0x00007ffc0a390000 - 0x00007ffc0a486000 	C:\WINDOWS\System32\SHCORE.dll
0x00007ffc09330000 - 0x00007ffc09396000 	C:\WINDOWS\System32\shlwapi.dll
0x00007ffc07030000 - 0x00007ffc07059000 	C:\WINDOWS\SYSTEM32\profapi.dll
0x00007ffbf8430000 - 0x00007ffbf8448000 	c:\Users\THINKPAD\.vscode\extensions\redhat.java-1.54.0-win32-x64\jre\21.0.10-win32-x86_64\bin\zip.dll
0x00007ffbff4e0000 - 0x00007ffbff4f0000 	C:\Users\THINKPAD\.vscode\extensions\redhat.java-1.54.0-win32-x64\jre\21.0.10-win32-x86_64\bin\net.dll
0x00007ffc00e00000 - 0x00007ffc00f29000 	C:\WINDOWS\SYSTEM32\WINHTTP.dll
0x00007ffc06410000 - 0x00007ffc0647c000 	C:\WINDOWS\system32\mswsock.dll
0x00007ffbf5260000 - 0x00007ffbf5276000 	C:\Users\THINKPAD\.vscode\extensions\redhat.java-1.54.0-win32-x64\jre\21.0.10-win32-x86_64\bin\nio.dll
0x00007ffbf95e0000 - 0x00007ffbf95f0000 	c:\Users\THINKPAD\.vscode\extensions\redhat.java-1.54.0-win32-x64\jre\21.0.10-win32-x86_64\bin\verify.dll
0x00007ffbe09d0000 - 0x00007ffbe0a15000 	C:\Users\THINKPAD\AppData\Roaming\Code\User\globalStorage\redhat.java\1.54.0\config_win\org.eclipse.equinox.launcher\org.eclipse.equinox.launcher.win32.win32.x86_64_1.3.0.v20260203-2149\eclipse_11919.dll
0x00007ffc0a490000 - 0x00007ffc0a627000 	C:\WINDOWS\System32\ole32.dll
0x00007ffc06700000 - 0x00007ffc0671b000 	C:\WINDOWS\SYSTEM32\CRYPTSP.dll
0x00007ffc05e00000 - 0x00007ffc05e39000 	C:\WINDOWS\system32\rsaenh.dll
0x00007ffc064c0000 - 0x00007ffc064f3000 	C:\WINDOWS\SYSTEM32\USERENV.dll
0x00007ffc07000000 - 0x00007ffc0702a000 	C:\WINDOWS\SYSTEM32\bcrypt.dll
0x00007ffc066f0000 - 0x00007ffc066fc000 	C:\WINDOWS\SYSTEM32\CRYPTBASE.dll
0x00007ffc05920000 - 0x00007ffc05952000 	C:\WINDOWS\SYSTEM32\IPHLPAPI.DLL
0x00007ffc097e0000 - 0x00007ffc097ea000 	C:\WINDOWS\System32\NSI.dll
0x00007ffbd22b0000 - 0x00007ffbd22f9000 	C:\Users\THINKPAD\AppData\Local\Temp\jna-2007211617\jna14401417204627513993.dll
0x00007ffc09320000 - 0x00007ffc09328000 	C:\WINDOWS\System32\PSAPI.DLL

JVMTI agents:
c:\Users\THINKPAD\.vscode\extensions\redhat.java-1.54.0-win32-x64\lombok\lombok-1.18.39-4050.jar path:c:\Users\THINKPAD\.vscode\extensions\redhat.java-1.54.0-win32-x64\jre\21.0.10-win32-x86_64\bin\instrument.dll, loaded, initialized, instrumentlib options:none

dbghelp: loaded successfully - version: 4.0.5 - missing functions: none
symbol engine: initialized successfully - sym options: 0x614 - pdb path: .;c:\Users\THINKPAD\.vscode\extensions\redhat.java-1.54.0-win32-x64\jre\21.0.10-win32-x86_64\bin;C:\WINDOWS\SYSTEM32;C:\WINDOWS\WinSxS\amd64_microsoft.windows.common-controls_6595b64144ccf1df_6.0.26100.8457_none_3e0b2faee331e92d;c:\Users\THINKPAD\.vscode\extensions\redhat.java-1.54.0-win32-x64\jre\21.0.10-win32-x86_64\bin\server;C:\Users\THINKPAD\AppData\Roaming\Code\User\globalStorage\redhat.java\1.54.0\config_win\org.eclipse.equinox.launcher\org.eclipse.equinox.launcher.win32.win32.x86_64_1.3.0.v20260203-2149;C:\Users\THINKPAD\AppData\Local\Temp\jna-2007211617

VM Arguments:
jvm_args: --add-modules=ALL-SYSTEM --add-opens=java.base/java.util=ALL-UNNAMED --add-opens=java.base/java.lang=ALL-UNNAMED --add-opens=java.base/sun.nio.fs=ALL-UNNAMED -Declipse.application=org.eclipse.jdt.ls.core.id1 -Dosgi.bundles.defaultStartLevel=4 -Declipse.product=org.eclipse.jdt.ls.core.product -Djava.import.generatesMetadataFilesAtProjectRoot=false -DDetectVMInstallationsJob.disabled=true -Dfile.encoding=utf8 -XX:+UseParallelGC -XX:GCTimeRatio=4 -XX:AdaptiveSizePolicyWeight=90 -Dsun.zip.disableMemoryMapping=true -Xmx2G -Xms100m -Xlog:disable -javaagent:c:\Users\THINKPAD\.vscode\extensions\redhat.java-1.54.0-win32-x64\lombok\lombok-1.18.39-4050.jar -XX:+HeapDumpOnOutOfMemoryError -XX:HeapDumpPath=c:\Users\THINKPAD\AppData\Roaming\Code\User\workspaceStorage\517f748c4156a5bd48bd4058522aeea7\redhat.java -Daether.dependencyCollector.impl=bf 
java_command: c:\Users\THINKPAD\.vscode\extensions\redhat.java-1.54.0-win32-x64\server\plugins\org.eclipse.equinox.launcher_1.7.100.v20251111-0406.jar -configuration c:\Users\THINKPAD\AppData\Roaming\Code\User\globalStorage\redhat.java\1.54.0\config_win -data c:\Users\THINKPAD\AppData\Roaming\Code\User\workspaceStorage\517f748c4156a5bd48bd4058522aeea7\redhat.java\jdt_ws --pipe=\\.\pipe\lsp-07ed0fa51b64a787eb88ff83af05dfcf-sock
java_class_path (initial): c:\Users\THINKPAD\.vscode\extensions\redhat.java-1.54.0-win32-x64\server\plugins\org.eclipse.equinox.launcher_1.7.100.v20251111-0406.jar
Launcher Type: SUN_STANDARD

[Global flags]
    uintx AdaptiveSizePolicyWeight                 = 90                                        {product} {command line}
     intx CICompilerCount                          = 12                                        {product} {ergonomic}
    uintx GCTimeRatio                              = 4                                         {product} {command line}
     bool HeapDumpOnOutOfMemoryError               = true                                   {manageable} {command line}
    ccstr HeapDumpPath                             = c:\Users\THINKPAD\AppData\Roaming\Code\User\workspaceStorage\517f748c4156a5bd48bd4058522aeea7\redhat.java         {manageable} {command line}
   size_t InitialHeapSize                          = 104857600                                 {product} {command line}
   size_t MaxHeapSize                              = 2147483648                                {product} {command line}
   size_t MaxNewSize                               = 715653120                                 {product} {ergonomic}
   size_t MinHeapDeltaBytes                        = 524288                                    {product} {ergonomic}
   size_t MinHeapSize                              = 104857600                                 {product} {command line}
   size_t NewSize                                  = 34603008                                  {product} {ergonomic}
    uintx NonNMethodCodeHeapSize                   = 7602480                                {pd product} {ergonomic}
    uintx NonProfiledCodeHeapSize                  = 122027880                              {pd product} {ergonomic}
   size_t OldSize                                  = 70254592                                  {product} {ergonomic}
    uintx ProfiledCodeHeapSize                     = 122027880                              {pd product} {ergonomic}
    uintx ReservedCodeCacheSize                    = 251658240                              {pd product} {ergonomic}
     bool SegmentedCodeCache                       = true                                      {product} {ergonomic}
   size_t SoftMaxHeapSize                          = 2147483648                             {manageable} {ergonomic}
     bool UseCompressedOops                        = true                           {product lp64_product} {ergonomic}
     bool UseLargePagesIndividualAllocation        = false                                  {pd product} {ergonomic}
     bool UseParallelGC                            = true                                      {product} {command line}

Logging:
Log output configuration:
 #0: stdout all=off uptime,level,tags foldmultilines=false
 #1: stderr all=off uptime,level,tags foldmultilines=false

Release file:
JAVA_VERSION="21.0.10" 
MODULES="java.base java.compiler java.datatransfer java.xml java.prefs java.desktop java.instrument java.logging java.management java.security.sasl java.naming java.rmi java.management.rmi java.net.http java.scripting java.security.jgss java.transaction.xa java.sql java.sql.rowset java.xml.crypto java.se java.smartcardio jdk.accessibility jdk.internal.jvmstat jdk.attach jdk.charsets jdk.internal.opt jdk.zipfs jdk.compiler jdk.crypto.ec jdk.crypto.cryptoki jdk.crypto.mscapi jdk.dynalink jdk.internal.ed jdk.editpad jdk.hotspot.agent jdk.httpserver jdk.internal.le jdk.internal.vm.ci jdk.internal.vm.compiler jdk.internal.vm.compiler.management jdk.jartool jdk.javadoc jdk.jcmd jdk.management jdk.management.agent jdk.jconsole jdk.jdeps jdk.jdwp.agent jdk.jdi jdk.jfr jdk.jshell jdk.jsobject jdk.jstatd jdk.localedata jdk.management.jfr jdk.naming.dns jdk.naming.rmi jdk.net jdk.nio.mapmode jdk.random jdk.sctp jdk.security.auth jdk.security.jgss jdk.unsupported jdk.unsupported.desktop jdk.xml.dom" 

Environment Variables:
JAVA_HOME=C:\Users\THINKPAD\.jdks\corretto-1.8.0_432
PATH=C:\Users\THINKPAD\.jdks\corretto-1.8.0_432\bin;C:\Program Files (x86)\VMware\VMware Workstation\bin\;C:\WINDOWS\system32;C:\WINDOWS;C:\WINDOWS\System32\Wbem;C:\WINDOWS\System32\WindowsPowerShell\v1.0\;C:\WINDOWS\System32\OpenSSH\;C:\Users\THINKPAD\Downloads\MinGW\bin;C:\Program Files (x86)\Microsoft SQL Server\160\Tools\Binn\;C:\Program Files\Microsoft SQL Server\160\Tools\Binn\;C:\Program Files\Microsoft SQL Server\Client SDK\ODBC\170\Tools\Binn\;C:\Program Files\Microsoft SQL Server\160\DTS\Binn\;C:\Program Files (x86)\Microsoft SQL Server\160\DTS\Binn\;C:\Program Files\Azure Data Studio\bin;C:\Program Files\Git\cmd;C:\Program Files\dotnet\;C:\Program Files\Microsoft SQL Server\150\Tools\Binn\;C:\Users\THINKPAD\Downloads\apache-maven-3.9.8-bin\apache-maven-3.9.8\bin;C:\Program Files\TortoiseGit\bin;C:\Program Files (x86)\Windows Kits\10\Windows Performance Toolkit\;C:\Program Files\Docker\Docker\resources\bin;C:\Program Files\Cloudflare\Cloudflare WARP\;C:\Users\THINKPAD\AppData\Local\nvm;C:\nvm4w\nodejs;C:\Users\THINKPAD\.jdks\corretto-1.8.0_432\bin;C:\Program Files\MySQL\MySQL Shell 8.0\bin\;C:\Users\THINKPAD\AppData\Local\Microsoft\WindowsApps;C:\Users\THINKPAD\AppData\Local\Programs\Microsoft VS Code\bin;C:\Users\THINKPAD\Downloads\MinGW\bin;C:\Program Files\JetBrains\IntelliJ IDEA Community Edition 2023.2.1\bin;;C:\Program Files\Azure Data Studio\bin;C:\Users\THINKPAD\AppData\Local\GitHubDesktop\bin;C:\Users\THINKPAD\.dotnet\tools;D:\Download\apache-tomcat-8.5.34\bin;D:\Download\apache-maven-3.9.8\bin;C:\Program Files (x86)\Nmap;C:\Users\THINKPAD\AppData\Local\Programs\Antigravity\bin;C:\Users\THINKPAD\AppData\Local\nvm;C:\nvm4w\nodejs;C:\Users\THINKPAD\AppData\Local\Programs\cursor\resources\app\bin
USERNAME=THINKPAD
OS=Windows_NT
PROCESSOR_IDENTIFIER=AMD64 Family 25 Model 80 Stepping 0, AuthenticAMD
TMP=C:\Users\THINKPAD\AppData\Local\Temp
TEMP=C:\Users\THINKPAD\AppData\Local\Temp




Periodic native trim disabled

---------------  S Y S T E M  ---------------

OS:
 Windows 11 , 64 bit Build 26100 (10.0.26100.8328)
OS uptime: 0 days 21:42 hours
Hyper-V role detected

CPU: total 16 (initial active 16) (16 cores per cpu, 2 threads per core) family 25 model 80 stepping 0 microcode 0xa50000c, cx8, cmov, fxsr, ht, mmx, 3dnowpref, sse, sse2, sse3, ssse3, sse4a, sse4.1, sse4.2, popcnt, lzcnt, tsc, tscinvbit, avx, avx2, aes, erms, clmul, bmi1, bmi2, adx, sha, fma, vzeroupper, clflush, clflushopt, hv, rdtscp, rdpid, fsrm, f16c, cet_ss
Processor Information for the first 16 processors :
  Max Mhz: 1901, Current Mhz: 1901, Mhz Limit: 1901

Memory: 4k page, system-wide physical 15182M (2553M free)
TotalPageFile size 26801M (AvailPageFile size 2353M)
current process WorkingSet (physical memory assigned to process): 131M, peak: 131M
current process commit charge ("private bytes"): 286M, peak: 286M

vm_info: OpenJDK 64-Bit Server VM (21.0.10+7-LTS) for windows-amd64 JRE (21.0.10+7-LTS), built on 2026-01-20T00:00:00Z by "admin" with MS VC++ 17.12 (VS2022)

END.
